"Report Refresh Date";"User Principal Name";"Display Name";"Is Deleted";"Deleted Date";"Last Activity Date";"Report Period";"Created Date";"Item Count";"Storage Used (Byte)";"Issue Warning Quota (Byte)";"Prohibit Send Quota (Byte)";"Prohibit Send/Receive Quota (Byte)";"Deleted Item Count";"Deleted Item Size (Byte)";"Deleted Item Quota (Byte)";"Has Archive";"Recipient Type"
"2023-07-29";"3670@anonimo.com";;"False";;"2023-07-28";180;"2022-01-17";10067;2052976728;2104492032;2125463552;2147483648;1826;203792330;107374182400;"False";"User"
"2023-07-29";"4091@anonimo.com";;"False";;"2023-07-28";180;"2021-01-24";7501;1905362731;2104492032;2125463552;2147483648;59436;4699890363;107374182400;"False";"User"
"2023-07-29";"1166@anonimo.com";;"False";;"2023-07-28";180;"2021-01-24";7769;1832155798;2104492032;2125463552;2147483648;11834;1312575145;107374182400;"False";"User"
"2023-07-29";"4796@anonimo.com";;"False";;"2023-07-28";180;"2021-01-24";4214;1795073798;2104492032;2125463552;2147483648;1377;769973475;107374182400;"False";"User"
"2023-07-29";"5044@anonimo.com";;"False";;"2023-07-28";180;"2021-01-24";7122;1750107908;2104492032;2125463552;2147483648;21967;4109137202;107374182400;"False";"User"
"2023-07-29";"4638@anonimo.com";;"False";;"2023-07-29";180;"2021-01-24";453612;85898845217;105226698752;106300440576;107374182400;106016;37885841613;107374182400;"False";"Shared"
"2023-07-29";"3275@anonimo.com";;"False";;"2023-07-28";180;"2021-01-24";299995;85668436537;105226698752;106300440576;107374182400;232253;46813147628;107374182400;"False";"User"
"2023-07-29";"3585@anonimo.com";;"False";;"2023-07-28";180;"2021-09-30";14120;1707498774;2104492032;2125463552;2147483648;14689;553745572;107374182400;"False";"User"
"2023-07-29";"5473@anonimo.com";;"False";;"2023-07-29";180;"2021-01-24";322511;80600537244;105226698752;106300440576;107374182400;98952;18379733883;107374182400;"False";"User"
"2023-07-29";"3189@anonimo.com";;"False";;"2023-07-29";180;"2021-01-24";499943;80410534644;105226698752;106300440576;107374182400;107414;10341685351;107374182400;"False";"User"
"2023-07-29";"4108@anonimo.com";;"False";;"2023-05-25";180;"2021-01-24";13519;1600993771;2104492032;2125463552;2147483648;1368;2413943070;107374182400;"False";"User"
"2023-07-29";"5057@anonimo.com";;"False";;"2023-07-28";180;"2021-01-24";285894;77930679310;105226698752;106300440576;107374182400;16806;4375129291;107374182400;"False";"User"
"2023-07-29";"3972@anonimo.com";;"False";;"2023-07-28";180;"2021-01-24";176587;75399629254;105226698752;106300440576;107374182400;64257;12386882958;107374182400;"False";"User"
"2023-07-29";"5511@anonimo.com";;"False";;"2023-07-29";180;"2021-01-24";402776;72722579546;105226698752;106300440576;107374182400;84057;12625194288;107374182400;"False";"User"
"2023-07-29";"5261@anonimo.com";;"False";;"2023-07-28";180;"2021-01-24";240105;68571031035;105226698752;106300440576;107374182400;94892;20101662989;107374182400;"False";"User"
"2023-07-29";"5131@anonimo.com";;"False";;"2023-07-29";180;"2021-01-24";246219;68513040902;105226698752;106300440576;107374182400;246432;21354961455;107374182400;"False";"User"
"2023-07-29";"1112@anonimo.com";;"False";;"2023-07-28";180;"2021-01-24";5596;1349007204;2104492032;2125463552;2147483648;19263;1630562018;107374182400;"False";"User"
"2023-07-29";"4417@anonimo.com";;"False";;"2023-07-28";180;"2021-01-24";196266;57960302036;105226698752;106300440576;107374182400;63371;12639931868;107374182400;"False";"Shared"
"2023-07-29";"4329@anonimo.com";;"False";;"2023-07-29";180;"2021-01-24";621766;57750824268;105226698752;106300440576;107374182400;220175;16122401197;107374182400;"False";"User"
"2023-07-29";"4443@anonimo.com";;"False";;"2023-07-28";180;"2021-01-24";223214;55938117514;105226698752;106300440576;107374182400;111186;14553845963;107374182400;"False";"User"
"2023-07-29";"5334@anonimo.com";;"False";;;180;"2023-07-10";96989;27775376534;52613349376;53150220288;53687091200;25926;3919221585;107374182400;"False";"Shared"
"2023-07-29";"5777@anonimo.com";;"False";;"2023-07-28";180;"2021-01-24";171872;55039302788;105226698752;106300440576;107374182400;62050;10193146670;107374182400;"False";"User"
"2023-07-29";"4450@anonimo.com";;"False";;"2023-07-28";180;"2021-01-24";483470;53950616539;105226698752;106300440576;107374182400;347008;30417427004;107374182400;"False";"User"
"2023-07-29";"4598@anonimo.com";;"False";;"2023-07-28";180;"2021-01-24";589674;53754347451;105226698752;106300440576;107374182400;6244;889903293;107374182400;"False";"User"
"2023-07-29";"4262@anonimo.com";;"False";;"2023-07-28";180;"2021-01-24";271481;53340616512;105226698752;106300440576;107374182400;66943;5831110294;107374182400;"False";"User"
"2023-07-29";"5694@anonimo.com";;"False";;"2023-07-28";180;"2021-01-24";197870;52749103409;105226698752;106300440576;107374182400;136754;17941725687;107374182400;"False";"User"
"2023-07-29";"3724@anonimo.com";;"False";;"2023-07-29";180;"2021-01-24";227808;52512182064;105226698752;106300440576;107374182400;92116;6132832576;107374182400;"False";"User"
"2023-07-29";"4945@anonimo.com";;"False";;"2023-07-29";180;"2021-01-24";222495;52208805483;105226698752;106300440576;107374182400;90506;10800901386;107374182400;"False";"User"
"2023-07-29";"4200@anonimo.com";;"False";;"2023-07-28";180;"2021-01-24";419216;50296213598;105226698752;106300440576;107374182400;374041;21869490031;107374182400;"False";"User"
"2023-07-29";"5080@anonimo.com";;"False";;"2023-07-28";180;"2023-04-13";7693;999498520;2104492032;2125463552;2147483648;4978;252822745;107374182400;"False";"User"
"2023-07-29";"3560@anonimo.com";;"False";;"2023-07-28";180;"2023-02-17";5324;997904498;2104492032;2125463552;2147483648;13600;1702071314;107374182400;"False";"User"
"2023-07-29";"4116@anonimo.com";;"False";;"2023-07-29";180;"2021-01-24";131813;49016346701;105226698752;106300440576;107374182400;29915;4639586180;107374182400;"False";"User"
"2023-07-29";"4618@anonimo.com";;"False";;"2023-07-28";180;"2021-01-24";166889;48958169590;105226698752;106300440576;107374182400;246142;62811496941;107374182400;"False";"User"
"2023-07-29";"3386@anonimo.com";;"False";;"2023-07-28";180;"2021-01-24";7683;957436772;2104492032;2125463552;2147483648;1126;257756360;107374182400;"False";"User"
"2023-07-29";"3631@anonimo.com";;"False";;"2023-07-29";180;"2021-01-24";187691;47424405773;105226698752;106300440576;107374182400;203023;32196356387;107374182400;"False";"User"
"2023-07-29";"3299@anonimo.com";;"False";;"2023-07-28";180;"2021-01-24";449448;43208257959;105226698752;106300440576;107374182400;279505;16143638543;107374182400;"False";"User"
"2023-07-29";"4065@anonimo.com";;"False";;"2023-07-29";180;"2021-01-24";311674;42975750154;105226698752;106300440576;107374182400;55429;13256998317;107374182400;"False";"User"
"2023-07-29";"1421@anonimo.com";;"False";;"2023-07-28";180;"2022-06-06";173690;20612864898;52613349376;53150220288;53687091200;24237;2702396371;107374182400;"False";"User"
"2023-07-29";"4750@anonimo.com";;"False";;"2023-07-28";180;"2021-01-24";180410;41148570395;105226698752;106300440576;107374182400;92773;8665704903;107374182400;"False";"User"
"2023-07-29";"5582@anonimo.com";;"False";;"2023-07-29";180;"2021-01-24";128510;41107258129;105226698752;106300440576;107374182400;42236;4173126090;107374182400;"False";"User"
"2023-07-29";"4078@anonimo.com";;"False";;"2023-07-28";180;"2021-01-24";146171;41050502580;105226698752;106300440576;107374182400;15303;1318424566;107374182400;"False";"User"
"2023-07-29";"3626@anonimo.com";;"False";;"2023-07-28";180;"2021-01-24";101670;40979969660;105226698752;106300440576;107374182400;62571;8659994552;107374182400;"False";"User"
"2023-07-29";"873@anonimo.com";;"False";;"2023-07-28";180;"2021-01-24";131971;40721378144;105226698752;106300440576;107374182400;16232;1729233076;107374182400;"False";"User"
"2023-07-29";"4045@anonimo.com";;"False";;"2023-07-28";180;"2021-01-24";112501;40693831741;105226698752;106300440576;107374182400;31222;4619895560;107374182400;"False";"User"
"2023-07-29";"5050@anonimo.com";;"False";;"2023-07-17";180;"2021-01-24";28347;40595876360;105226698752;106300440576;107374182400;27062;10453502482;107374182400;"False";"User"
"2023-07-29";"5780@anonimo.com";;"False";;"2023-07-29";180;"2021-01-24";151280;40438990723;105226698752;106300440576;107374182400;77232;15096158596;107374182400;"False";"User"
"2023-07-29";"5510@anonimo.com";;"False";;"2023-07-28";180;"2023-02-22";4420;806167056;2104492032;2125463552;2147483648;373;38828335;107374182400;"False";"User"
"2023-07-29";"5076@anonimo.com";;"False";;"2023-07-29";180;"2021-01-24";95559;39493655091;105226698752;106300440576;107374182400;40440;6627779294;107374182400;"False";"User"
"2023-07-29";"4481@anonimo.com";;"False";;"2023-07-27";180;"2021-01-24";4687;778646244;2104492032;2125463552;2147483648;5307;525588579;107374182400;"False";"User"
"2023-07-29";"3624@anonimo.com";;"False";;"2023-06-28";180;"2021-01-24";72106;19293965963;52613349376;53150220288;53687091200;35716;5248845571;107374182400;"False";"Shared"
"2023-07-29";"3973@anonimo.com";;"False";;"2023-07-29";180;"2021-01-24";126996;38109410150;105226698752;106300440576;107374182400;40623;6769789831;107374182400;"False";"User"
"2023-07-29";"5838@anonimo.com";;"False";;"2023-07-28";180;"2021-01-24";108086;37876806555;105226698752;106300440576;107374182400;11379;1686493507;107374182400;"False";"User"
"2023-07-29";"4611@anonimo.com";;"False";;"2023-07-29";180;"2021-01-24";108818;37410618685;105226698752;106300440576;107374182400;102468;14170482799;107374182400;"False";"User"
"2023-07-29";"3959@anonimo.com";;"False";;"2023-07-28";180;"2021-01-24";128162;37294194581;105226698752;106300440576;107374182400;28690;3532384233;107374182400;"False";"User"
"2023-07-29";"4841@anonimo.com";;"False";;"2023-07-29";180;"2021-01-24";91657;37083763664;105226698752;106300440576;107374182400;4604;1233676604;107374182400;"False";"User"
"2023-07-29";"5053@anonimo.com";;"False";;"2023-07-28";180;"2021-01-24";100408;36680025152;105226698752;106300440576;107374182400;56930;7594308101;107374182400;"False";"User"
"2023-07-29";"3789@anonimo.com";;"False";;"2023-07-28";180;"2021-01-24";155919;35791931199;105226698752;106300440576;107374182400;154755;28328865310;107374182400;"False";"User"
"2023-07-29";"5315@anonimo.com";;"False";;"2023-07-28";180;"2021-01-24";151534;35670804456;105226698752;106300440576;107374182400;33970;5878800175;107374182400;"False";"User"
"2023-07-29";"3923@anonimo.com";;"False";;"2023-07-28";180;"2021-01-24";65577;35548436173;105226698752;106300440576;107374182400;17024;7251598474;107374182400;"False";"User"
"2023-07-29";"3579@anonimo.com";;"False";;"2023-07-28";180;"2021-01-24";294715;35363090340;105226698752;106300440576;107374182400;330081;24697708780;107374182400;"False";"User"
"2023-07-29";"3414@anonimo.com";;"False";;"2023-07-28";180;"2021-01-24";140609;34973410700;105226698752;106300440576;107374182400;1430135;91621951351;107374182400;"False";"User"
"2023-07-29";"1091@anonimo.com";;"False";;"2023-07-29";180;"2021-01-24";309971;34795792881;105226698752;106300440576;107374182400;412974;22506838575;107374182400;"False";"User"
"2023-07-29";"5797@anonimo.com";;"False";;"2023-07-28";180;"2021-01-24";121380;33820831403;105226698752;106300440576;107374182400;39494;10786423877;107374182400;"False";"User"
"2023-07-29";"5844@anonimo.com";;"False";;"2023-07-29";180;"2021-01-24";105239;33018410079;105226698752;106300440576;107374182400;61114;8103255768;107374182400;"False";"User"
"2023-07-29";"1510@anonimo.com";;"False";;"2023-07-29";180;"2021-01-24";109531;32450156125;105226698752;106300440576;107374182400;103931;21316641576;107374182400;"False";"User"
"2023-07-29";"3251@anonimo.com";;"False";;"2023-07-29";180;"2021-01-24";188712;32305228374;105226698752;106300440576;107374182400;262631;30245589036;107374182400;"False";"User"
"2023-07-29";"3401@anonimo.com";;"False";;"2023-07-28";180;"2021-01-24";299612;32093444067;105226698752;106300440576;107374182400;11436;1083470853;107374182400;"False";"User"
"2023-07-29";"4587@anonimo.com";;"False";;"2023-07-28";180;"2021-10-19";58589;31702417263;105226698752;106300440576;107374182400;10778;8801524817;107374182400;"False";"User"
"2023-07-29";"5722@anonimo.com";;"False";;"2023-07-27";180;"2021-01-24";87389;31433750741;105226698752;106300440576;107374182400;51009;4939187688;107374182400;"False";"User"
"2023-07-29";"4828@anonimo.com";;"False";;"2023-07-28";180;"2021-01-24";102121;31412230694;105226698752;106300440576;107374182400;42860;5117269878;107374182400;"False";"User"
"2023-07-29";"4140@anonimo.com";;"False";;"2023-07-28";180;"2021-01-24";257321;31048249359;105226698752;106300440576;107374182400;594903;40943111736;107374182400;"False";"User"
"2023-07-29";"5583@anonimo.com";;"False";;"2023-07-28";180;"2021-01-24";104408;30116932558;105226698752;106300440576;107374182400;57628;11149598160;107374182400;"False";"User"
"2023-07-29";"5327@anonimo.com";;"False";;"2023-07-29";180;"2021-01-24";74312;29813520836;105226698752;106300440576;107374182400;14848;2683691842;107374182400;"False";"User"
"2023-07-29";"4924@anonimo.com";;"False";;"2023-07-21";180;"2021-01-24";72379;29599831975;105226698752;106300440576;107374182400;10856;2784286087;107374182400;"False";"User"
"2023-07-29";"1059@anonimo.com";;"False";;"2023-07-29";180;"2021-01-24";248154;29085372151;105226698752;106300440576;107374182400;3821;885573820;107374182400;"False";"User"
"2023-07-29";"5211@anonimo.com";;"False";;"2023-07-28";180;"2021-01-24";136060;28836263320;105226698752;106300440576;107374182400;478909;101810334194;107374182400;"False";"User"
"2023-07-29";"5250@anonimo.com";;"False";;"2023-07-29";180;"2021-01-24";126118;28709956508;105226698752;106300440576;107374182400;64539;10202863533;107374182400;"False";"User"
"2023-07-29";"4818@anonimo.com";;"False";;"2023-07-28";180;"2021-01-24";57950;28101978844;105226698752;106300440576;107374182400;56596;17251061719;107374182400;"False";"User"
"2023-07-29";"5580@anonimo.com";;"False";;"2023-07-29";180;"2021-01-24";138090;27658891051;105226698752;106300440576;107374182400;656536;46904163989;107374182400;"False";"User"
"2023-07-29";"3750@anonimo.com";;"False";;"2023-07-28";180;"2021-01-24";13506;27658790209;105226698752;106300440576;107374182400;11312;7049727017;107374182400;"False";"User"
"2023-07-29";"3557@anonimo.com";;"False";;;180;"2021-06-23";51910;13687994256;52613349376;53150220288;53687091200;3320;575624604;107374182400;"False";"Shared"
"2023-07-29";"854@anonimo.com";;"False";;"2023-07-29";180;"2021-01-24";85857;26758820196;105226698752;106300440576;107374182400;75483;12289183007;107374182400;"False";"User"
"2023-07-29";"3563@anonimo.com";;"False";;"2023-07-28";180;"2021-01-24";62844;26714154637;105226698752;106300440576;107374182400;34309;2843836121;107374182400;"False";"User"
"2023-07-29";"4449@anonimo.com";;"False";;"2023-07-28";180;"2021-01-24";150455;26564207931;105226698752;106300440576;107374182400;29002;5897436823;107374182400;"False";"User"
"2023-07-29";"4877@anonimo.com";;"False";;"2023-07-29";180;"2021-01-24";88777;26038259118;105226698752;106300440576;107374182400;114810;21580908552;107374182400;"False";"User"
"2023-07-29";"3866@anonimo.com";;"False";;"2023-07-28";180;"2021-01-24";61138;25689581769;105226698752;106300440576;107374182400;108323;13804856357;107374182400;"True";"User"
"2023-07-29";"3342@anonimo.com";;"False";;"2023-07-29";180;"2021-01-24";74956;25425106358;105226698752;106300440576;107374182400;27006;6935953743;107374182400;"False";"User"
"2023-07-29";"4887@anonimo.com";;"False";;"2023-07-29";180;"2021-01-24";76641;25081601446;105226698752;106300440576;107374182400;126754;30582356321;107374182400;"False";"User"
"2023-07-29";"5603@anonimo.com";;"False";;"2023-07-29";180;"2021-01-24";156502;24684171975;105226698752;106300440576;107374182400;32335;2870611934;107374182400;"False";"User"
"2023-07-29";"4626@anonimo.com";;"False";;"2023-07-28";180;"2021-01-24";132525;24532961255;105226698752;106300440576;107374182400;239030;47390818167;107374182400;"False";"User"
"2023-07-29";"4351@anonimo.com";;"False";;"2023-07-28";180;"2022-01-17";1784;489172339;2104492032;2125463552;2147483648;8320;1378943154;107374182400;"False";"User"
"2023-07-29";"2085@anonimo.com";;"False";;"2023-07-27";180;"2021-01-24";476317;24371076680;105226698752;106300440576;107374182400;171755;21014241027;107374182400;"False";"Shared"
"2023-07-29";"958@anonimo.com";;"False";;"2023-07-29";180;"2021-01-24";59380;24190876809;105226698752;106300440576;107374182400;16371;1911491449;107374182400;"False";"User"
"2023-07-29";"4913@anonimo.com";;"False";;"2023-07-29";180;"2021-01-24";104848;24178809032;105226698752;106300440576;107374182400;74730;7316362251;107374182400;"False";"Shared"
"2023-07-29";"3627@anonimo.com";;"False";;"2022-05-06";180;"2021-10-15";40254;11937965808;52613349376;53150220288;53687091200;3215;568323676;107374182400;"False";"Shared"
"2023-07-29";"4068@anonimo.com";;"False";;"2023-07-27";180;"2021-01-24";84523;23778041374;105226698752;106300440576;107374182400;10897;1326654963;107374182400;"False";"User"
"2023-07-29";"5302@anonimo.com";;"False";;"2023-07-28";180;"2021-01-24";72632;23726969884;105226698752;106300440576;107374182400;26636;648863292;118111600640;"True";"User"
"2023-07-29";"1018@anonimo.com";;"False";;"2023-07-28";180;"2021-01-24";258337;23329388584;105226698752;106300440576;107374182400;184507;17982345400;107374182400;"False";"User"
"2023-07-29";"4776@anonimo.com";;"False";;"2023-07-28";180;"2021-01-24";82354;23237110169;105226698752;106300440576;107374182400;49965;4486231750;107374182400;"False";"User"
"2023-07-29";"4925@anonimo.com";;"False";;"2023-07-28";180;"2021-01-24";70384;22919928655;105226698752;106300440576;107374182400;10471;1458994958;107374182400;"False";"User"
"2023-07-29";"5318@anonimo.com";;"False";;"2023-07-28";180;"2021-01-24";85443;22745840401;105226698752;106300440576;107374182400;14809;2795386352;107374182400;"False";"User"
"2023-07-29";"5210@anonimo.com";;"False";;"2023-07-21";180;"2021-02-12";62862;22668746782;105226698752;106300440576;107374182400;15870;3770510412;107374182400;"False";"User"
"2023-07-29";"4128@anonimo.com";;"False";;"2023-07-29";180;"2021-01-24";76033;22665557621;105226698752;106300440576;107374182400;36266;4482868500;107374182400;"False";"User"
"2023-07-29";"3738@anonimo.com";;"False";;"2023-07-28";180;"2021-01-24";376296;21812195600;105226698752;106300440576;107374182400;99191;3034744119;107374182400;"True";"User"
"2023-07-29";"3701@anonimo.com";;"False";;"2023-07-29";180;"2021-01-24";83078;21758985878;105226698752;106300440576;107374182400;52086;4102941642;107374182400;"False";"User"
"2023-07-29";"3225@anonimo.com";;"False";;"2023-07-29";180;"2021-01-24";97495;21680729685;105226698752;106300440576;107374182400;42107;6144305358;107374182400;"False";"User"
"2023-07-29";"4054@anonimo.com";;"False";;"2023-07-28";180;"2022-01-17";1966;432431659;2104492032;2125463552;2147483648;959;158472160;107374182400;"False";"User"
"2023-07-29";"3731@anonimo.com";;"False";;"2023-07-29";180;"2021-01-24";54007;21481040849;105226698752;106300440576;107374182400;65151;3785798957;107374182400;"False";"User"
"2023-07-29";"5016@anonimo.com";;"False";;"2023-07-28";180;"2021-01-24";55622;21257257880;105226698752;106300440576;107374182400;86216;18553869626;107374182400;"False";"User"
"2023-07-29";"1169@anonimo.com";;"False";;"2023-07-28";180;"2021-01-24";120060;21077094152;105226698752;106300440576;107374182400;23077;1968453294;107374182400;"False";"User"
"2023-07-29";"4946@anonimo.com";;"False";;"2023-07-29";180;"2021-01-24";84885;20807104162;105226698752;106300440576;107374182400;34271;5563448118;107374182400;"False";"User"
"2023-07-29";"1409@anonimo.com";;"False";;"2023-07-28";180;"2022-06-01";425582;20609870411;105226698752;106300440576;107374182400;2130338;86164705513;107374182400;"False";"User"
"2023-07-29";"4999@anonimo.com";;"False";;"2023-07-07";180;"2021-09-03";3072;409823019;2104492032;2125463552;2147483648;24;1023897;107374182400;"False";"User"
"2023-07-29";"5160@anonimo.com";;"False";;"2023-07-28";180;"2021-01-24";92827;20365336762;105226698752;106300440576;107374182400;48691;4693202164;107374182400;"False";"User"
"2023-07-29";"913@anonimo.com";;"False";;"2023-07-29";180;"2021-01-24";193015;20367883448;105226698752;106300440576;107374182400;618971;46595388845;107374182400;"False";"User"
"2023-07-29";"4777@anonimo.com";;"False";;"2023-07-29";180;"2022-05-31";3393;402665444;2104492032;2125463552;2147483648;76229;4382361827;107374182400;"False";"User"
"2023-07-29";"1162@anonimo.com";;"False";;"2023-07-29";180;"2021-01-24";57145;19806007460;105226698752;106300440576;107374182400;16618;2045941743;107374182400;"False";"User"
"2023-07-29";"3889@anonimo.com";;"False";;"2023-07-28";180;"2021-01-24";60938;19713159797;105226698752;106300440576;107374182400;35983;3202317318;107374182400;"False";"User"
"2023-07-29";"3947@anonimo.com";;"False";;"2023-07-29";180;"2021-01-24";59640;19493686045;105226698752;106300440576;107374182400;27432;2763874458;107374182400;"False";"User"
"2023-07-29";"3725@anonimo.com";;"False";;"2023-07-29";180;"2021-01-24";59353;9694181471;52613349376;53150220288;53687091200;34761;5744367432;107374182400;"False";"User"
"2023-07-29";"3256@anonimo.com";;"False";;"2023-07-28";180;"2022-02-03";2489;385328200;2104492032;2125463552;2147483648;1771;174147560;107374182400;"False";"User"
"2023-07-29";"3914@anonimo.com";;"False";;"2023-07-28";180;"2021-01-24";46180;19243802223;105226698752;106300440576;107374182400;10856;4573335178;107374182400;"False";"User"
"2023-07-29";"1420@anonimo.com";;"False";;"2023-07-26";180;"2022-06-03";157445;18827957611;105226698752;106300440576;107374182400;450;164794216;107374182400;"False";"User"
"2023-07-29";"5133@anonimo.com";;"False";;"2023-07-28";180;"2021-01-24";96144;18454408183;105226698752;106300440576;107374182400;9015;2585066021;107374182400;"False";"User"
"2023-07-29";"4467@anonimo.com";;"False";;"2023-07-29";180;"2021-01-24";63857;18095988955;105226698752;106300440576;107374182400;37230;7602176828;107374182400;"False";"User"
"2023-07-29";"4520@anonimo.com";;"False";;"2023-07-29";180;"2022-04-06";36241;17465760887;105226698752;106300440576;107374182400;32589;3140791699;107374182400;"False";"User"
"2023-07-29";"5371@anonimo.com";;"False";;"2023-07-29";180;"2021-01-24";52508;16865695681;105226698752;106300440576;107374182400;57826;8304730351;107374182400;"False";"User"
"2023-07-29";"4025@anonimo.com";;"False";;"2023-07-28";180;"2021-01-24";47440;16858710443;105226698752;106300440576;107374182400;17980;2593027628;107374182400;"False";"User"
"2023-07-29";"3589@anonimo.com";;"False";;"2023-07-28";180;"2021-01-24";49707;16700217029;105226698752;106300440576;107374182400;24713;5067801803;107374182400;"False";"User"
"2023-07-29";"4745@anonimo.com";;"False";;"2023-07-29";180;"2021-01-24";47852;16619167292;105226698752;106300440576;107374182400;55102;21789676043;107374182400;"False";"User"
"2023-07-29";"3369@anonimo.com";;"False";;"2023-07-29";180;"2021-01-24";50148;16562282641;105226698752;106300440576;107374182400;79445;13542302143;107374182400;"False";"User"
"2023-07-29";"1273@anonimo.com";;"False";;"2023-07-14";180;"2021-08-17";42696;16466644338;105226698752;106300440576;107374182400;2460;1226216791;107374182400;"False";"User"
"2023-07-29";"5567@anonimo.com";;"False";;"2023-07-29";180;"2023-02-25";30387;8024732569;52613349376;53150220288;53687091200;409615;47755553287;107374182400;"False";"Shared"
"2023-07-29";"590@anonimo.com";;"False";;"2021-05-04";180;"2021-01-24";48139;15828948615;105226698752;106300440576;107374182400;4809;520732339;107374182400;"False";"Shared"
"2023-07-29";"4166@anonimo.com";;"False";;"2023-07-28";180;"2022-03-04";35397;15645121371;105226698752;106300440576;107374182400;3388;731347998;107374182400;"False";"User"
"2023-07-29";"4446@anonimo.com";;"False";;"2023-07-29";180;"2021-01-24";32095;15585304321;105226698752;106300440576;107374182400;8159;3019629241;107374182400;"False";"User"
"2023-07-29";"3330@anonimo.com";;"False";;"2023-07-28";180;"2021-10-15";31983;15477450643;105226698752;106300440576;107374182400;71484;14375342544;107374182400;"False";"User"
"2023-07-29";"5073@anonimo.com";;"False";;"2023-06-07";180;"2023-04-28";38021;7691540969;52613349376;53150220288;53687091200;6840;1006153045;107374182400;"False";"Shared"
"2023-07-29";"3643@anonimo.com";;"False";;"2023-07-29";180;"2021-11-19";57910;15218337736;105226698752;106300440576;107374182400;59421;8660533024;107374182400;"False";"User"
"2023-07-29";"3337@anonimo.com";;"False";;"2023-07-28";180;"2021-01-24";71867;15194276230;105226698752;106300440576;107374182400;24471;1744105760;107374182400;"False";"User"
"2023-07-29";"4664@anonimo.com";;"False";;"2023-07-28";180;"2021-08-04";23942;15075532887;105226698752;106300440576;107374182400;5440;1358858731;107374182400;"False";"User"
"2023-07-29";"4525@anonimo.com";;"False";;"2023-07-29";180;"2021-10-19";37658;14906322974;105226698752;106300440576;107374182400;18994;2602959868;107374182400;"False";"User"
"2023-07-29";"5287@anonimo.com";;"False";;"2023-07-28";180;"2021-01-24";199753;14574121250;105226698752;106300440576;107374182400;149868;3960950579;32212254720;"True";"User"
"2023-07-29";"3709@anonimo.com";;"False";;"2023-07-18";180;"2021-01-24";128746;14393663450;105226698752;106300440576;107374182400;344847;26235490035;107374182400;"False";"User"
"2023-07-29";"3911@anonimo.com";;"False";;"2023-07-29";180;"2021-01-24";36599;14294887852;105226698752;106300440576;107374182400;13218;3476985045;107374182400;"False";"User"
"2023-07-29";"4595@anonimo.com";;"False";;"2023-07-28";180;"2021-01-24";41556;13901787721;105226698752;106300440576;107374182400;23719;2823842374;107374182400;"False";"User"
"2023-07-29";"5682@anonimo.com";;"False";;"2023-07-28";180;"2021-01-24";34640;13629068053;105226698752;106300440576;107374182400;33627;2814119512;107374182400;"False";"User"
"2023-07-29";"5145@anonimo.com";;"False";;"2023-07-28";180;"2021-01-24";47627;13600847446;105226698752;106300440576;107374182400;11352;1831066736;107374182400;"False";"User"
"2023-07-29";"5293@anonimo.com";;"False";;"2023-07-28";180;"2021-01-24";31302;13593542027;105226698752;106300440576;107374182400;8848;2856332136;107374182400;"False";"User"
"2023-07-29";"5430@anonimo.com";;"False";;"2023-07-29";180;"2021-01-24";40870;13480659497;105226698752;106300440576;107374182400;12313;2425494814;107374182400;"False";"User"
"2023-07-29";"4407@anonimo.com";;"False";;"2023-07-29";180;"2021-01-24";37739;13312531332;105226698752;106300440576;107374182400;15631;4099035142;107374182400;"False";"User"
"2023-07-29";"4074@anonimo.com";;"False";;"2023-07-29";180;"2021-01-24";86129;13275146913;105226698752;106300440576;107374182400;70432;5401007263;107374182400;"False";"User"
"2023-07-29";"1393@anonimo.com";;"False";;"2023-07-28";180;"2022-05-09";25825;13269065300;105226698752;106300440576;107374182400;5976;890260604;107374182400;"False";"User"
"2023-07-29";"3780@anonimo.com";;"False";;"2023-07-28";180;"2021-01-24";109956;13208397522;105226698752;106300440576;107374182400;76148;9292969083;107374182400;"False";"User"
"2023-07-29";"968@anonimo.com";;"False";;"2023-07-28";180;"2021-01-24";39259;13093507792;105226698752;106300440576;107374182400;50004;8639679088;107374182400;"False";"User"
"2023-07-29";"4261@anonimo.com";;"False";;"2021-07-02";180;"2021-07-01";24821;6543632250;52613349376;53150220288;53687091200;1562;204481041;107374182400;"False";"Shared"
"2023-07-29";"5728@anonimo.com";;"False";;"2023-07-28";180;"2022-05-31";28499;12922585396;105226698752;106300440576;107374182400;5158;406902474;107374182400;"False";"User"
"2023-07-29";"3703@anonimo.com";;"False";;"2023-07-29";180;"2021-01-24";42780;12755382696;105226698752;106300440576;107374182400;271026;56140843674;107374182400;"False";"User"
"2023-07-29";"3292@anonimo.com";;"False";;"2023-07-29";180;"2021-02-03";30702;12719830771;105226698752;106300440576;107374182400;66690;23379965642;107374182400;"False";"User"
"2023-07-29";"794@anonimo.com";;"False";;"2023-07-28";180;"2021-01-24";124501;12315037080;105226698752;106300440576;107374182400;14832;1268463970;107374182400;"False";"User"
"2023-07-29";"1277@anonimo.com";;"False";;"2023-07-28";180;"2021-08-30";35093;12242251195;105226698752;106300440576;107374182400;5850;975953017;107374182400;"False";"User"
"2023-07-29";"5116@anonimo.com";;"False";;"2023-07-21";180;"2022-05-31";38997;12219660324;105226698752;106300440576;107374182400;18552;2167778111;107374182400;"False";"User"
"2023-07-29";"587@anonimo.com";;"False";;"2023-07-29";180;"2021-01-24";38160;12135751588;105226698752;106300440576;107374182400;39771;839529405;118111600640;"True";"User"
"2023-07-29";"5288@anonimo.com";;"False";;"2023-07-29";180;"2021-08-12";36573;12002943708;105226698752;106300440576;107374182400;24079;2863614141;107374182400;"False";"User"
"2023-07-29";"5123@anonimo.com";;"False";;"2023-07-29";180;"2022-08-05";29977;12000429997;105226698752;106300440576;107374182400;18658;984961869;107374182400;"False";"User"
"2023-07-29";"5889@anonimo.com";;"False";;"2023-07-18";180;"2022-10-10";1683;239870891;2104492032;2125463552;2147483648;708;87760808;107374182400;"False";"User"
"2023-07-29";"3327@anonimo.com";;"False";;"2023-07-29";180;"2021-09-14";20647;11958858337;105226698752;106300440576;107374182400;6902;11007328668;107374182400;"False";"User"
"2023-07-29";"3549@anonimo.com";;"False";;"2023-07-28";180;"2021-10-17";30111;11913621392;105226698752;106300440576;107374182400;4036;672545064;107374182400;"False";"User"
"2023-07-29";"5815@anonimo.com";;"False";;"2023-07-28";180;"2021-01-24";58796;11806383189;105226698752;106300440576;107374182400;43251;2590459270;107374182400;"False";"User"
"2023-07-29";"872@anonimo.com";;"False";;"2023-07-29";180;"2021-01-24";51460;11733452600;105226698752;106300440576;107374182400;35671;11835869238;107374182400;"False";"User"
"2023-07-29";"3293@anonimo.com";;"False";;"2023-07-29";180;"2022-04-08";27092;11542180168;105226698752;106300440576;107374182400;14031;3768050913;107374182400;"False";"User"
"2023-07-29";"4468@anonimo.com";;"False";;"2023-07-29";180;"2021-01-24";57430;11395748608;105226698752;106300440576;107374182400;226757;70474572120;107374182400;"False";"User"
"2023-07-29";"3910@anonimo.com";;"False";;"2023-07-28";180;"2022-04-06";29961;11377303694;105226698752;106300440576;107374182400;8816;1010026049;107374182400;"False";"User"
"2023-07-29";"4893@anonimo.com";;"False";;"2023-07-28";180;"2021-01-24";42794;11373090579;105226698752;106300440576;107374182400;17822;2254283318;107374182400;"False";"User"
"2023-07-29";"3820@anonimo.com";;"False";;"2023-07-27";180;"2021-01-24";36091;11371007645;105226698752;106300440576;107374182400;44152;4524733426;107374182400;"False";"User"
"2023-07-29";"3960@anonimo.com";;"False";;"2023-07-28";180;"2022-10-27";15001;11369830411;105226698752;106300440576;107374182400;3526;1196169349;107374182400;"False";"User"
"2023-07-29";"4348@anonimo.com";;"False";;"2023-07-28";180;"2021-01-24";31992;11359153363;105226698752;106300440576;107374182400;52681;1758626186;107374182400;"True";"User"
"2023-07-29";"3504@anonimo.com";;"False";;"2023-07-28";180;"2021-01-24";65402;11312961887;105226698752;106300440576;107374182400;329297;17321746665;107374182400;"False";"User"
"2023-07-29";"3841@anonimo.com";;"False";;"2023-07-29";180;"2022-02-28";26512;11202694225;105226698752;106300440576;107374182400;15487;3988786502;107374182400;"False";"User"
"2023-07-29";"3234@anonimo.com";;"False";;"2023-07-28";180;"2021-01-24";146387;11164005501;105226698752;106300440576;107374182400;64163;3095422954;107374182400;"False";"User"
"2023-07-29";"1175@anonimo.com";;"False";;"2023-07-28";180;"2021-01-24";37313;11152171393;105226698752;106300440576;107374182400;42096;1100489522;107374182400;"False";"User"
"2023-07-29";"5149@anonimo.com";;"False";;"2023-07-28";180;"2021-01-24";1567;222726986;2104492032;2125463552;2147483648;4198;1046509445;107374182400;"False";"User"
"2023-07-29";"5046@anonimo.com";;"False";;"2023-07-29";180;"2021-01-24";28338;10665133702;105226698752;106300440576;107374182400;25054;3736500835;107374182400;"False";"User"
"2023-07-29";"2764@anonimo.com";;"False";;"2023-07-28";180;"2021-01-24";27591;10572268836;105226698752;106300440576;107374182400;5011;795269821;107374182400;"False";"User"
"2023-07-29";"5090@anonimo.com";;"False";;"2022-10-26";180;"2021-09-23";925;209352856;2104492032;2125463552;2147483648;303;45583718;107374182400;"False";"User"
"2023-07-29";"1200@anonimo.com";;"False";;"2023-07-28";180;"2021-01-24";32076;10141915401;105226698752;106300440576;107374182400;13307;2718213391;107374182400;"False";"User"
"2023-07-29";"4831@anonimo.com";;"False";;"2023-07-28";180;"2022-04-08";27242;9976152129;105226698752;106300440576;107374182400;8104;1108476928;107374182400;"False";"User"
"2023-07-29";"3498@anonimo.com";;"False";;"2023-07-28";180;"2023-06-12";219717;9953020941;105226698752;106300440576;107374182400;150299;920119837;107374182400;"False";"User"
"2023-07-29";"3573@anonimo.com";;"False";;"2023-07-29";180;"2022-01-17";15603;4937454091;52613349376;53150220288;53687091200;7437;1048179537;107374182400;"False";"User"
"2023-07-29";"1403@anonimo.com";;"False";;"2023-07-28";180;"2022-05-23";18054;9641974881;105226698752;106300440576;107374182400;615;200175073;107374182400;"False";"User"
"2023-07-29";"4283@anonimo.com";;"False";;"2023-07-28";180;"2021-07-22";27834;9614852197;105226698752;106300440576;107374182400;13275;1450972745;107374182400;"False";"User"
"2023-07-29";"1017@anonimo.com";;"False";;"2020-11-11";180;"2021-01-24";22372;4779892275;52613349376;53150220288;53687091200;627;95425911;107374182400;"False";"Shared"
"2023-07-29";"4806@anonimo.com";;"False";;"2023-07-28";180;"2021-01-24";39636;4756789153;52613349376;53150220288;53687091200;1775;1126715658;107374182400;"False";"User"
"2023-07-29";"4600@anonimo.com";;"False";;"2023-07-28";180;"2023-06-15";207628;9342221748;105226698752;106300440576;107374182400;70822;1665994662;107374182400;"False";"User"
"2023-07-29";"3787@anonimo.com";;"False";;"2023-07-24";180;"2021-01-24";59210;9324471431;105226698752;106300440576;107374182400;28148;2472298647;107374182400;"False";"User"
"2023-07-29";"4761@anonimo.com";;"False";;"2023-07-28";180;"2021-04-19";90254;9124351463;105226698752;106300440576;107374182400;26431;340509763;107374182400;"True";"User"
"2023-07-29";"1337@anonimo.com";;"False";;"2023-07-28";180;"2022-02-01";26361;9088758631;105226698752;106300440576;107374182400;1271;482108593;107374182400;"False";"User"
"2023-07-29";"4714@anonimo.com";;"False";;"2023-02-03";180;"2021-01-24";9695;4471748838;52613349376;53150220288;53687091200;3677;1481036469;107374182400;"False";"Shared"
"2023-07-29";"4743@anonimo.com";;"False";;"2023-07-29";180;"2021-05-16";23072;8938718564;105226698752;106300440576;107374182400;9788;1748474959;107374182400;"False";"User"
"2023-07-29";"3496@anonimo.com";;"False";;"2023-07-28";180;"2021-01-24";22947;8779923039;105226698752;106300440576;107374182400;21947;2863292292;107374182400;"False";"User"
"2023-07-29";"4153@anonimo.com";;"False";;"2023-07-28";180;"2021-01-24";39092;8782248650;105226698752;106300440576;107374182400;51412;6232205666;107374182400;"False";"User"
"2023-07-29";"2768@anonimo.com";;"False";;"2023-07-28";180;"2021-01-24";14074;8758274850;105226698752;106300440576;107374182400;3282;6235655077;107374182400;"False";"User"
"2023-07-29";"5455@anonimo.com";;"False";;"2023-07-28";180;"2022-02-04";21667;8661464123;105226698752;106300440576;107374182400;6728;1444433883;107374182400;"False";"User"
"2023-07-29";"5723@anonimo.com";;"False";;"2023-07-28";180;"2021-01-24";1213;167591650;2104492032;2125463552;2147483648;331;110661700;107374182400;"False";"User"
"2023-07-29";"4958@anonimo.com";;"False";;"2023-07-28";180;"2022-11-21";61989;8363640664;105226698752;106300440576;107374182400;931;104004370;107374182400;"False";"User"
"2023-07-29";"4070@anonimo.com";;"False";;"2023-07-28";180;"2021-01-24";27229;8279164199;105226698752;106300440576;107374182400;3186;978066320;107374182400;"False";"User"
"2023-07-29";"3516@anonimo.com";;"False";;"2023-07-27";180;"2021-01-24";68112;8192129290;105226698752;106300440576;107374182400;11015;967449889;107374182400;"False";"User"
"2023-07-29";"5707@anonimo.com";;"False";;"2023-07-28";180;"2021-09-10";22915;8106335842;105226698752;106300440576;107374182400;21290;2622330047;107374182400;"False";"User"
"2023-07-29";"1195@anonimo.com";;"False";;"2023-07-29";180;"2021-01-24";52534;8046089213;105226698752;106300440576;107374182400;5130;1669055289;107374182400;"False";"User"
"2023-07-29";"3294@anonimo.com";;"False";;"2023-07-28";180;"2021-01-24";38249;7964873693;105226698752;106300440576;107374182400;493603;37491970920;107374182400;"False";"User"
"2023-07-29";"5173@anonimo.com";;"False";;"2023-07-29";180;"2023-01-10";23626;7882235958;105226698752;106300440576;107374182400;6417;1267643130;107374182400;"False";"User"
"2023-07-29";"3495@anonimo.com";;"False";;"2023-07-29";180;"2021-11-30";24327;7878400990;105226698752;106300440576;107374182400;9545;2023334885;107374182400;"False";"User"
"2023-07-29";"4501@anonimo.com";;"False";;"2023-07-28";180;"2021-01-24";69569;7857077707;105226698752;106300440576;107374182400;77713;5458038290;107374182400;"False";"User"
"2023-07-29";"850@anonimo.com";;"False";;"2023-07-21";180;"2021-01-24";41575;7821633764;105226698752;106300440576;107374182400;4184;944963761;107374182400;"False";"User"
"2023-07-29";"5109@anonimo.com";;"False";;"2023-07-28";180;"2021-01-24";61073;7708087692;105226698752;106300440576;107374182400;28971;2011329658;107374182400;"False";"Shared"
"2023-07-29";"4150@anonimo.com";;"False";;"2023-07-28";180;"2021-12-03";15995;7651173379;105226698752;106300440576;107374182400;29443;3425475664;107374182400;"False";"User"
"2023-07-29";"5279@anonimo.com";;"False";;"2023-07-29";180;"2021-07-01";17033;7536849107;105226698752;106300440576;107374182400;26828;6693283223;107374182400;"False";"User"
"2023-07-29";"3439@anonimo.com";;"False";;"2023-07-29";180;"2021-11-11";19324;7433663889;105226698752;106300440576;107374182400;21846;3112992596;107374182400;"False";"User"
"2023-07-29";"1129@anonimo.com";;"False";;"2023-07-29";180;"2021-01-24";21622;7310863393;105226698752;106300440576;107374182400;11749;2146231330;107374182400;"False";"User"
"2023-07-29";"5148@anonimo.com";;"False";;"2023-07-28";180;"2021-11-01";29555;7280726520;105226698752;106300440576;107374182400;13261;1476349231;107374182400;"False";"User"
"2023-07-29";"4499@anonimo.com";;"False";;"2023-07-28";180;"2021-01-24";31148;7153421145;105226698752;106300440576;107374182400;68940;8333827278;107374182400;"False";"User"
"2023-07-29";"1484@anonimo.com";;"False";;"2023-07-03";180;"2023-02-13";47907;7108414789;105226698752;106300440576;107374182400;1663;201757534;107374182400;"False";"User"
"2023-07-29";"4928@anonimo.com";;"False";;"2023-07-24";180;"2022-12-30";8040;3510852377;52613349376;53150220288;53687091200;1069;218078980;107374182400;"False";"User"
"2023-07-29";"4573@anonimo.com";;"False";;"2023-07-28";180;"2021-01-24";135839;6971768325;105226698752;106300440576;107374182400;797824;14122052252;107374182400;"True";"User"
"2023-07-29";"3798@anonimo.com";;"False";;"2023-07-25";180;"2021-01-24";40718;6964493802;105226698752;106300440576;107374182400;8135;2963624225;107374182400;"False";"User"
"2023-07-29";"1155@anonimo.com";;"False";;"2023-07-28";180;"2021-01-24";15303;6742151805;105226698752;106300440576;107374182400;6804;1553477899;107374182400;"False";"User"
"2023-07-29";"4592@anonimo.com";;"False";;"2023-07-27";180;"2021-01-24";1424;134685588;2104492032;2125463552;2147483648;28670;1069951853;107374182400;"False";"User"
"2023-07-29";"3849@anonimo.com";;"False";;"2023-07-29";180;"2022-02-17";18507;6628369022;105226698752;106300440576;107374182400;12334;1174275962;107374182400;"False";"User"
"2023-07-29";"4640@anonimo.com";;"False";;"2023-07-26";180;"2022-12-29";41406;6553317829;105226698752;106300440576;107374182400;454;72187490;107374182400;"False";"User"
"2023-07-29";"1485@anonimo.com";;"False";;"2023-07-27";180;"2023-02-13";51990;6472894356;105226698752;106300440576;107374182400;1077;225443966;107374182400;"False";"User"
"2023-07-29";"3568@anonimo.com";;"False";;"2023-07-28";180;"2023-04-28";758;128268769;2104492032;2125463552;2147483648;51;8748795;107374182400;"False";"User"
"2023-07-29";"3242@anonimo.com";;"False";;"2023-07-28";180;"2023-04-14";620;128378949;2104492032;2125463552;2147483648;209;60261648;107374182400;"False";"User"
"2023-07-29";"4904@anonimo.com";;"False";;"2023-07-28";180;"2021-01-24";12761;3193531369;52613349376;53150220288;53687091200;8381;7275081229;107374182400;"False";"User"
"2023-07-29";"5849@anonimo.com";;"False";;"2023-07-29";180;"2021-01-24";53075;6308221821;105226698752;106300440576;107374182400;73667;11134869010;107374182400;"False";"User"
"2023-07-29";"1313@anonimo.com";;"False";;"2023-07-28";180;"2021-12-03";19718;6238385399;105226698752;106300440576;107374182400;8496;1215853872;107374182400;"False";"User"
"2023-07-29";"4333@anonimo.com";;"False";;"2023-07-29";180;"2021-01-24";21311;6187920090;105226698752;106300440576;107374182400;5578;977481855;107374182400;"False";"User"
"2023-07-29";"1295@anonimo.com";;"False";;"2023-07-28";180;"2021-10-07";15197;6194737979;105226698752;106300440576;107374182400;5633;897258213;107374182400;"False";"User"
"2023-07-29";"3336@anonimo.com";;"False";;"2022-09-06";180;"2021-01-24";19995;3031897047;52613349376;53150220288;53687091200;627;6186942;107374182400;"False";"Shared"
"2023-07-29";"4617@anonimo.com";;"False";;"2023-07-28";180;"2022-07-08";24739;5966756464;105226698752;106300440576;107374182400;3753;1585686820;107374182400;"False";"User"
"2023-07-29";"5821@anonimo.com";;"False";;"2023-07-29";180;"2022-08-02";12285;5927991762;105226698752;106300440576;107374182400;8051;1628210165;107374182400;"False";"User"
"2023-07-29";"3192@anonimo.com";;"False";;"2023-07-28";180;"2021-01-24";31927;5934668007;105226698752;106300440576;107374182400;15921;1789150457;107374182400;"False";"User"
"2023-07-29";"3238@anonimo.com";;"False";;"2023-07-28";180;"2022-06-01";14320;5770750523;105226698752;106300440576;107374182400;2604;345935718;107374182400;"False";"User"
"2023-07-29";"3203@anonimo.com";;"False";;"2023-07-28";180;"2021-01-24";46133;5720540655;105226698752;106300440576;107374182400;13198;1270573210;107374182400;"False";"User"
"2023-07-29";"3410@anonimo.com";;"False";;"2023-07-29";180;"2021-01-24";33434;5722220722;105226698752;106300440576;107374182400;91345;14342032145;107374182400;"False";"User"
"2023-07-29";"1000@anonimo.com";;"False";;"2023-07-26";180;"2021-01-24";1043;110793867;2104492032;2125463552;2147483648;291;27862566;107374182400;"False";"User"
"2023-07-29";"1428@anonimo.com";;"False";;"2023-07-28";180;"2022-06-21";16460;5521143127;105226698752;106300440576;107374182400;5420;959430532;107374182400;"False";"User"
"2023-07-29";"5683@anonimo.com";;"False";;"2023-07-29";180;"2023-01-30";36198;5521309943;105226698752;106300440576;107374182400;4746;677803939;107374182400;"False";"User"
"2023-07-29";"5431@anonimo.com";;"False";;"2023-07-28";180;"2022-12-07";11223;5459314672;105226698752;106300440576;107374182400;4434;1099014195;107374182400;"False";"User"
"2023-07-29";"3979@anonimo.com";;"False";;"2023-05-24";180;"2021-07-19";11677;2718440696;52613349376;53150220288;53687091200;6478;2164750512;107374182400;"False";"Shared"
"2023-07-29";"5415@anonimo.com";;"False";;"2023-07-26";180;"2021-01-24";23010;5425680511;105226698752;106300440576;107374182400;48707;4600121429;107374182400;"False";"User"
"2023-07-29";"4645@anonimo.com";;"False";;"2023-07-29";180;"2021-01-24";37922;5375129307;105226698752;106300440576;107374182400;4556;420857182;107374182400;"False";"User"
"2023-07-29";"4616@anonimo.com";;"False";;"2023-07-28";180;"2021-12-29";16902;5295050908;105226698752;106300440576;107374182400;18091;1162069521;107374182400;"False";"User"
"2023-07-29";"1263@anonimo.com";;"False";;"2023-07-28";180;"2021-07-15";16364;5211411791;105226698752;106300440576;107374182400;3095;703686388;107374182400;"False";"User"
"2023-07-29";"3561@anonimo.com";;"False";;"2023-07-28";180;"2023-01-24";5907;2548831420;52613349376;53150220288;53687091200;1199;267683674;107374182400;"False";"User"
"2023-07-29";"3416@anonimo.com";;"False";;"2023-07-28";180;"2021-01-24";53269;5008723995;105226698752;106300440576;107374182400;140371;16476901352;107374182400;"False";"User"
"2023-07-29";"4613@anonimo.com";;"False";;"2023-07-28";180;"2021-01-24";17699;4940974803;105226698752;106300440576;107374182400;22608;4108150570;107374182400;"False";"User"
"2023-07-29";"5840@anonimo.com";;"False";;"2023-07-28";180;"2021-01-24";10700;2455140709;52613349376;53150220288;53687091200;27280;4060446423;107374182400;"False";"User"
"2023-07-29";"1206@anonimo.com";;"False";;"2023-07-28";180;"2021-01-24";15423;4898810487;105226698752;106300440576;107374182400;7726;710621939;107374182400;"False";"User"
"2023-07-29";"4710@anonimo.com";;"False";;"2023-07-27";180;"2023-01-24";6066;2445585809;52613349376;53150220288;53687091200;539;243235288;107374182400;"False";"User"
"2023-07-29";"1417@anonimo.com";;"False";;"2023-07-17";180;"2022-06-03";25713;4893099270;105226698752;106300440576;107374182400;20602;1498316873;107374182400;"False";"User"
"2023-07-29";"1182@anonimo.com";;"False";;"2023-07-28";180;"2021-01-24";18247;2363336915;52613349376;53150220288;53687091200;59435;7325860054;107374182400;"False";"User"
"2023-07-29";"1120@anonimo.com";;"False";;"2023-07-28";180;"2021-01-24";19990;4693801059;105226698752;106300440576;107374182400;17474;846336034;107374182400;"False";"User"
"2023-07-29";"1252@anonimo.com";;"False";;"2023-07-28";180;"2021-07-01";41478;4657762378;105226698752;106300440576;107374182400;2901;302649707;107374182400;"False";"User"
"2023-07-29";"5428@anonimo.com";;"False";;"2023-07-21";180;"2023-02-16";633;91269670;2104492032;2125463552;2147483648;55;6250475;107374182400;"False";"User"
"2023-07-29";"963@anonimo.com";;"False";;"2020-09-21";180;"2021-01-24";8432;2225612351;52613349376;53150220288;53687091200;604;43380564;107374182400;"False";"Shared"
"2023-07-29";"1019@anonimo.com";;"False";;"2023-06-06";180;"2021-01-24";1174;88996572;2104492032;2125463552;2147483648;1028;14928278;107374182400;"False";"User"
"2023-07-29";"5817@anonimo.com";;"False";;"2023-07-29";180;"2021-07-09";13011;4450118306;105226698752;106300440576;107374182400;11446;894326608;107374182400;"False";"User"
"2023-07-29";"4411@anonimo.com";;"False";;"2023-07-29";180;"2021-08-02";12135;4443917910;105226698752;106300440576;107374182400;8347;1497396847;107374182400;"False";"User"
"2023-07-29";"5507@anonimo.com";;"False";;"2023-07-28";180;"2021-11-23";36717;4423549156;105226698752;106300440576;107374182400;7689;1472295217;107374182400;"False";"User"
"2023-07-29";"4809@anonimo.com";;"False";;"2023-07-21";180;"2021-01-24";17264;4365129289;105226698752;106300440576;107374182400;12249;701939442;107374182400;"True";"User"
"2023-07-29";"4803@anonimo.com";;"False";;"2023-07-05";180;"2023-04-12";509;87390645;2104492032;2125463552;2147483648;285;95482625;107374182400;"False";"User"
"2023-07-29";"1411@anonimo.com";;"False";;"2023-07-28";180;"2022-05-30";10229;4365980612;105226698752;106300440576;107374182400;10533;1410116306;107374182400;"False";"User"
"2023-07-29";"4669@anonimo.com";;"False";;"2023-07-28";180;"2021-01-24";39129;4337746620;105226698752;106300440576;107374182400;327599;31341376820;107374182400;"False";"User"
"2023-07-29";"5303@anonimo.com";;"False";;"2023-07-29";180;"2021-01-24";19534;4333563125;105226698752;106300440576;107374182400;128903;38723464592;107374182400;"False";"User"
"2023-07-29";"1511@anonimo.com";;"False";;"2023-07-29";180;"2021-01-24";40531;4178319154;105226698752;106300440576;107374182400;236892;31777538286;107374182400;"False";"User"
"2023-07-29";"5573@anonimo.com";;"False";;"2023-07-28";180;"2021-01-24";14969;2079207087;52613349376;53150220288;53687091200;30168;4515880568;107374182400;"False";"Shared"
"2023-07-29";"3468@anonimo.com";;"False";;"2023-07-28";180;"2022-08-29";14373;4153580203;105226698752;106300440576;107374182400;5896;1041662928;107374182400;"False";"User"
"2023-07-29";"4699@anonimo.com";;"False";;"2023-07-28";180;"2022-03-04";44157;4104794148;105226698752;106300440576;107374182400;4470;296475183;107374182400;"False";"User"
"2023-07-29";"4210@anonimo.com";;"False";;"2023-07-29";180;"2021-01-24";19616;4088231581;105226698752;106300440576;107374182400;33287;3156384770;107374182400;"False";"User"
"2023-07-29";"1141@anonimo.com";;"False";;"2023-07-28";180;"2021-01-24";30638;4019641607;105226698752;106300440576;107374182400;20023;1208504736;107374182400;"False";"User"
"2023-07-29";"1410@anonimo.com";;"False";;"2023-07-28";180;"2021-06-04";21744;4024038618;105226698752;106300440576;107374182400;18284;584057821;107374182400;"False";"User"
"2023-07-29";"1170@anonimo.com";;"False";;"2023-07-28";180;"2021-01-24";20851;3999832682;105226698752;106300440576;107374182400;3832;760428038;107374182400;"False";"User"
"2023-07-29";"1332@anonimo.com";;"False";;"2023-07-26";180;"2022-01-19";20087;3976098677;105226698752;106300440576;107374182400;8612;1141221894;107374182400;"False";"User"
"2023-07-29";"4875@anonimo.com";;"False";;"2023-07-28";180;"2022-08-15";10175;3982860901;105226698752;106300440576;107374182400;4620;464955107;107374182400;"False";"User"
"2023-07-29";"1044@anonimo.com";;"False";;"2023-07-28";180;"2021-01-24";7877;1965325005;52613349376;53150220288;53687091200;40904;3628852309;107374182400;"False";"User"
"2023-07-29";"1078@anonimo.com";;"False";;"2020-05-05";180;"2021-01-24";8985;1951224849;52613349376;53150220288;53687091200;178;3186031;107374182400;"False";"Shared"
"2023-07-29";"3873@anonimo.com";;"False";;"2023-07-06";180;"2021-10-28";763;77396959;2104492032;2125463552;2147483648;1075;37239746;107374182400;"False";"User"
"2023-07-29";"1469@anonimo.com";;"False";;"2023-07-28";180;"2022-11-29";6854;3737803941;105226698752;106300440576;107374182400;5420;117812461;107374182400;"False";"User"
"2023-07-29";"4425@anonimo.com";;"False";;"2023-07-28";180;"2021-10-14";36299;3717736435;105226698752;106300440576;107374182400;70669;6676439985;107374182400;"False";"User"
"2023-07-29";"5568@anonimo.com";;"False";;"2023-07-28";180;"2022-12-21";5697;1855403953;52613349376;53150220288;53687091200;420;201700795;107374182400;"False";"Shared"
"2023-07-29";"3462@anonimo.com";;"False";;"2023-07-28";180;"2022-07-15";7990;3692813263;105226698752;106300440576;107374182400;11210;2202817321;107374182400;"False";"User"
"2023-07-29";"4864@anonimo.com";;"False";;"2023-07-28";180;"2022-06-22";9620;3525056166;105226698752;106300440576;107374182400;9643;2868356196;107374182400;"False";"User"
"2023-07-29";"1482@anonimo.com";;"False";;"2023-07-28";180;"2023-02-10";9900;3525726966;105226698752;106300440576;107374182400;7292;319375062;107374182400;"False";"User"
"2023-07-29";"4477@anonimo.com";;"False";;"2023-06-27";180;"2022-05-09";8167;3518215112;105226698752;106300440576;107374182400;19223;3745552786;107374182400;"False";"User"
"2023-07-29";"1354@anonimo.com";;"False";;"2023-06-22";180;"2022-03-02";356;68976279;2104492032;2125463552;2147483648;76;31157511;107374182400;"False";"User"
"2023-07-29";"1357@anonimo.com";;"False";;"2023-06-13";180;"2022-03-04";410;68901506;2104492032;2125463552;2147483648;62;11824507;107374182400;"False";"User"
"2023-07-29";"3273@anonimo.com";;"False";;"2023-07-28";180;"2022-01-31";11898;3339494908;105226698752;106300440576;107374182400;2472;317637482;107374182400;"False";"User"
"2023-07-29";"3274@anonimo.com";;"False";;"2023-07-29";180;"2021-07-06";8872;3331996199;105226698752;106300440576;107374182400;7416;854452010;107374182400;"False";"User"
"2023-07-29";"1098@anonimo.com";;"False";;"2023-01-16";180;"2021-01-24";818;66509780;2104492032;2125463552;2147483648;496;2141967;107374182400;"False";"User"
"2023-07-29";"1266@anonimo.com";;"False";;"2023-07-29";180;"2021-07-30";16550;3234701002;105226698752;106300440576;107374182400;28984;991614164;107374182400;"False";"User"
"2023-07-29";"3287@anonimo.com";;"False";;"2023-07-27";180;"2021-01-24";15420;3215284615;105226698752;106300440576;107374182400;18299;3367814924;107374182400;"False";"User"
"2023-07-29";"1049@anonimo.com";;"False";;"2023-05-17";180;"2021-01-24";903;63967602;2104492032;2125463552;2147483648;610;3808451;107374182400;"False";"User"
"2023-07-29";"5861@anonimo.com";;"False";;"2023-07-28";180;"2021-07-01";19699;3183639612;105226698752;106300440576;107374182400;3973;2491069945;107374182400;"False";"User"
"2023-07-29";"1029@anonimo.com";;"False";;"2023-07-28";180;"2021-01-24";30232;3174440124;105226698752;106300440576;107374182400;55957;5410842329;107374182400;"False";"User"
"2023-07-29";"4376@anonimo.com";;"False";;"2023-07-11";180;"2022-09-01";3950;1577300664;52613349376;53150220288;53687091200;5910;842143380;107374182400;"False";"Shared"
"2023-07-29";"1025@anonimo.com";;"False";;;180;"2021-01-24";1038;62963316;2104492032;2125463552;2147483648;478;2504734;107374182400;"False";"User"
"2023-07-29";"4527@anonimo.com";;"False";;"2023-07-29";180;"2021-05-31";18190;3134199670;105226698752;106300440576;107374182400;26552;2923333060;107374182400;"False";"User"
"2023-07-29";"1470@anonimo.com";;"False";;"2023-07-27";180;"2022-11-29";9040;3118794903;105226698752;106300440576;107374182400;1317;1121920891;107374182400;"False";"User"
"2023-07-29";"1220@anonimo.com";;"False";;"2023-05-08";180;"2021-02-12";760;58263438;2104492032;2125463552;2147483648;56;11008233;107374182400;"False";"User"
"2023-07-29";"4835@anonimo.com";;"False";;"2023-07-28";180;"2022-04-01";8944;2911660570;105226698752;106300440576;107374182400;5951;945552337;107374182400;"False";"User"
"2023-07-29";"5377@anonimo.com";;"False";;"2023-07-28";180;"2021-01-24";12079;2855565149;105226698752;106300440576;107374182400;59791;4995927122;107374182400;"False";"User"
"2023-07-29";"5689@anonimo.com";;"False";;"2023-07-28";180;"2022-06-17";11979;2791550609;105226698752;106300440576;107374182400;48896;6015300723;107374182400;"False";"User"
"2023-07-29";"1245@anonimo.com";;"False";;"2023-07-28";180;"2021-05-31";12828;2724399915;105226698752;106300440576;107374182400;19589;2112969081;107374182400;"False";"User"
"2023-07-29";"3180@anonimo.com";;"False";;"2023-07-26";180;"2021-01-24";15041;2693587782;105226698752;106300440576;107374182400;10900;396158272;107374182400;"True";"Shared"
"2023-07-29";"1402@anonimo.com";;"False";;"2023-07-28";180;"2022-05-19";17259;2669567811;105226698752;106300440576;107374182400;9422;1074731825;107374182400;"False";"User"
"2023-07-29";"4880@anonimo.com";;"False";;"2023-01-28";180;"2021-01-24";4145;1317355543;52613349376;53150220288;53687091200;4495;2892251313;107374182400;"False";"Shared"
"2023-07-29";"787@anonimo.com";;"False";;"2023-07-28";180;"2021-01-24";14576;2630986028;105226698752;106300440576;107374182400;67024;14067416226;107374182400;"False";"User"
"2023-07-29";"1362@anonimo.com";;"False";;"2023-07-24";180;"2022-03-11";288;51664902;2104492032;2125463552;2147483648;50;11743367;107374182400;"False";"User"
"2023-07-29";"5421@anonimo.com";;"False";;"2023-07-28";180;"2021-02-26";25386;2557542447;105226698752;106300440576;107374182400;124208;55097501712;107374182400;"False";"User"
"2023-07-29";"3335@anonimo.com";;"False";;"2023-07-28";180;"2022-06-15";8630;2534159111;105226698752;106300440576;107374182400;8062;1313461009;107374182400;"False";"User"
"2023-07-29";"3648@anonimo.com";;"False";;"2023-07-28";180;"2022-02-15";36296;2539632328;105226698752;106300440576;107374182400;661428;26588972784;107374182400;"False";"User"
"2023-07-29";"4720@anonimo.com";;"False";;"2023-07-28";180;"2021-01-24";12006;2518062677;105226698752;106300440576;107374182400;6261;1107114499;107374182400;"False";"User"
"2023-07-29";"4686@anonimo.com";;"False";;"2023-06-12";180;"2022-09-09";8259;2493543477;105226698752;106300440576;107374182400;4715;1661449673;107374182400;"False";"User"
"2023-07-29";"1473@anonimo.com";;"False";;"2023-07-28";180;"2022-12-30";5420;2472045380;105226698752;106300440576;107374182400;2476;310951707;107374182400;"False";"User"
"2023-07-29";"5402@anonimo.com";;"False";;"2023-07-28";180;"2021-07-01";12500;2478326999;105226698752;106300440576;107374182400;5824;4306215065;107374182400;"False";"User"
"2023-07-29";"4544@anonimo.com";;"False";;"2023-07-28";180;"2021-07-16";18425;2463139575;105226698752;106300440576;107374182400;1018379;45094456553;107374182400;"True";"User"
"2023-07-29";"4749@anonimo.com";;"False";;"2023-07-27";180;"2021-04-20";10247;2445431536;105226698752;106300440576;107374182400;12299;2066565133;107374182400;"False";"User"
"2023-07-29";"4825@anonimo.com";;"False";;"2023-07-28";180;"2021-01-24";14466;2405233664;105226698752;106300440576;107374182400;34308;5876708623;107374182400;"False";"User"
"2023-07-29";"4430@anonimo.com";;"False";;"2023-07-28";180;"2022-07-07";17329;2334748214;105226698752;106300440576;107374182400;464;148854223;107374182400;"False";"User"
"2023-07-29";"1506@anonimo.com";;"False";;;180;"2023-04-10";331;46404860;2104492032;2125463552;2147483648;106;12314872;107374182400;"False";"User"
"2023-07-29";"5286@anonimo.com";;"False";;"2020-03-31";180;"2021-01-24";1705;1152341645;52613349376;53150220288;53687091200;1512;4644673;107374182400;"False";"Shared"
"2023-07-29";"4266@anonimo.com";;"False";;"2023-07-25";180;"2023-01-27";20870;2299352334;105226698752;106300440576;107374182400;17341;381425167;107374182400;"False";"User"
"2023-07-29";"5122@anonimo.com";;"False";;"2023-07-28";180;"2022-12-20";7787;2280336451;105226698752;106300440576;107374182400;1069;231152571;107374182400;"False";"User"
"2023-07-29";"1477@anonimo.com";;"False";;"2023-07-28";180;"2023-01-05";14031;2268563755;105226698752;106300440576;107374182400;496;149825634;107374182400;"False";"User"
"2023-07-29";"1331@anonimo.com";;"False";;"2023-07-28";180;"2022-01-19";7081;2233016075;105226698752;106300440576;107374182400;3480;479126979;107374182400;"False";"User"
"2023-07-29";"5882@anonimo.com";;"False";;"2023-07-28";180;"2021-04-29";9542;2163000105;105226698752;106300440576;107374182400;3777;492494341;107374182400;"False";"User"
"2023-07-29";"5885@anonimo.com";;"False";;"2020-10-09";180;"2021-01-24";9816;1034425239;52613349376;53150220288;53687091200;351;36400198;107374182400;"False";"Shared"
"2023-07-29";"1037@anonimo.com";;"False";;"2023-07-28";180;"2021-01-24";5812;2041899397;105226698752;106300440576;107374182400;152981;14117889599;107374182400;"False";"User"
"2023-07-29";"979@anonimo.com";;"False";;"2023-07-28";180;"2021-01-24";8324;2021054912;105226698752;106300440576;107374182400;49837;14758257226;107374182400;"False";"User"
"2023-07-29";"5242@anonimo.com";;"False";;"2023-07-28";180;"2022-02-10";9771;1884408404;105226698752;106300440576;107374182400;6060;423768014;107374182400;"False";"Shared"
"2023-07-29";"5576@anonimo.com";;"False";;"2023-07-29";180;"2021-09-22";3164;934886663;52613349376;53150220288;53687091200;4236;1068500275;107374182400;"False";"Shared"
"2023-07-29";"1426@anonimo.com";;"False";;"2023-07-28";180;"2022-06-15";5870;1794889066;105226698752;106300440576;107374182400;15432;3526846267;107374182400;"False";"User"
"2023-07-29";"3295@anonimo.com";;"False";;"2023-07-28";180;"2021-01-24";8574;1801888456;105226698752;106300440576;107374182400;2352;726292042;107374182400;"False";"User"
"2023-07-29";"3553@anonimo.com";;"False";;"2023-07-28";180;"2023-05-09";3146;1788620566;105226698752;106300440576;107374182400;1369;346688148;107374182400;"False";"User"
"2023-07-29";"4882@anonimo.com";;"False";;"2023-07-28";180;"2022-09-01";4180;1788256538;105226698752;106300440576;107374182400;4545;211552969;107374182400;"False";"User"
"2023-07-29";"3744@anonimo.com";;"False";;"2023-07-28";180;"2022-12-01";5744;888780414;52613349376;53150220288;53687091200;8722;706086236;107374182400;"False";"User"
"2023-07-29";"4079@anonimo.com";;"False";;"2023-07-20";180;"2021-05-05";9228;1778776772;105226698752;106300440576;107374182400;5573;625002443;107374182400;"False";"User"
"2023-07-29";"4931@anonimo.com";;"False";;"2023-07-29";180;"2023-01-06";6979;1761643665;105226698752;106300440576;107374182400;3197;585753151;107374182400;"False";"User"
"2023-07-29";"4821@anonimo.com";;"False";;"2022-10-28";180;"2021-01-24";3488;857499143;52613349376;53150220288;53687091200;1048;152545968;107374182400;"False";"Shared"
"2023-07-29";"1238@anonimo.com";;"False";;"2023-06-28";180;"2021-04-19";21686;1715109511;105226698752;106300440576;107374182400;238;32573811;107374182400;"False";"User"
"2023-07-29";"3728@anonimo.com";;"False";;"2023-07-28";180;"2023-04-03";4141;1703014012;105226698752;106300440576;107374182400;8708;195724892;107374182400;"False";"User"
"2023-07-29";"5571@anonimo.com";;"False";;"2023-07-28";180;"2022-09-22";4303;843307704;52613349376;53150220288;53687091200;31;17959045;107374182400;"False";"Shared"
"2023-07-29";"4565@anonimo.com";;"False";;;180;"2023-07-10";119;33846008;2104492032;2125463552;2147483648;4;22798;107374182400;"False";"User"
"2023-07-29";"1370@anonimo.com";;"False";;"2023-05-16";180;"2022-04-01";286;32548513;2104492032;2125463552;2147483648;60;11204575;107374182400;"False";"User"
"2023-07-29";"1234@anonimo.com";;"False";;"2023-07-28";180;"2021-03-17";12345;1619853904;105226698752;106300440576;107374182400;11202;1042041824;107374182400;"False";"Shared"
"2023-07-29";"992@anonimo.com";;"False";;"2023-07-28";180;"2021-01-24";5616;1612963713;105226698752;106300440576;107374182400;23566;4082792007;107374182400;"False";"User"
"2023-07-29";"5058@anonimo.com";;"False";;"2023-07-28";180;"2023-06-12";31156;1570432618;105226698752;106300440576;107374182400;426333;9788295251;107374182400;"False";"User"
"2023-07-29";"3397@anonimo.com";;"False";;"2023-07-28";180;"2023-04-06";5723;1559412647;105226698752;106300440576;107374182400;5051;137639507;107374182400;"False";"User"
"2023-07-29";"5775@anonimo.com";;"False";;"2023-07-27";180;"2021-01-24";3113;778006885;52613349376;53150220288;53687091200;2360;3376468313;107374182400;"False";"User"
"2023-07-29";"5845@anonimo.com";;"False";;"2023-07-26";180;"2021-05-31";4369;1529930323;105226698752;106300440576;107374182400;2479;372462864;107374182400;"False";"User"
"2023-07-29";"4861@anonimo.com";;"False";;"2023-07-28";180;"2021-01-24";3940;756005355;52613349376;53150220288;53687091200;2234;130618857;107374182400;"False";"User"
"2023-07-29";"808@anonimo.com";;"False";;"2023-07-29";180;"2021-01-24";10875;1496307496;105226698752;106300440576;107374182400;102666;18722863925;107374182400;"False";"User"
"2023-07-29";"3737@anonimo.com";;"False";;"2023-07-28";180;"2022-06-02";4829;1477041449;105226698752;106300440576;107374182400;26137;2486391344;107374182400;"False";"User"
"2023-07-29";"4838@anonimo.com";;"False";;"2023-02-10";180;"2023-02-10";11879;723165728;52613349376;53150220288;53687091200;51;10338059;107374182400;"False";"Shared"
"2023-07-29";"5699@anonimo.com";;"False";;"2023-07-28";180;"2021-01-24";10164;1442939161;105226698752;106300440576;107374182400;903;39172044;107374182400;"True";"User"
"2023-07-29";"1350@anonimo.com";;"False";;"2023-07-28";180;"2022-03-02";7317;1444314779;105226698752;106300440576;107374182400;43773;4106506621;107374182400;"False";"User"
"2023-07-29";"4591@anonimo.com";;"False";;"2023-07-28";180;"2023-01-06";4022;1417121028;105226698752;106300440576;107374182400;8816;1964483818;107374182400;"False";"User"
"2023-07-29";"4039@anonimo.com";;"False";;"2023-07-28";180;"2022-08-11";314;27535818;2104492032;2125463552;2147483648;32;7695493;107374182400;"False";"User"
"2023-07-29";"5399@anonimo.com";;"False";;"2023-07-28";180;"2022-09-12";5783;1376807844;105226698752;106300440576;107374182400;8013;489228746;107374182400;"False";"User"
"2023-07-29";"1352@anonimo.com";;"False";;"2023-07-07";180;"2022-02-28";4375;1371913803;105226698752;106300440576;107374182400;614;134027372;107374182400;"False";"User"
"2023-07-29";"1488@anonimo.com";;"False";;"2023-07-28";180;"2023-02-16";2680;1360040386;105226698752;106300440576;107374182400;619;268840040;107374182400;"False";"User"
"2023-07-29";"3554@anonimo.com";;"False";;"2023-07-28";180;"2023-05-31";4119;1351425756;105226698752;106300440576;107374182400;9989;222006586;107374182400;"False";"User"
"2023-07-29";"5319@anonimo.com";;"False";;"2023-07-28";180;"2022-07-15";250;25932328;2104492032;2125463552;2147483648;49;8638765;107374182400;"False";"User"
"2023-07-29";"4291@anonimo.com";;"False";;"2023-07-29";180;"2023-04-28";3015;1267229663;105226698752;106300440576;107374182400;3089;237987704;107374182400;"False";"User"
"2023-07-29";"5223@anonimo.com";;"False";;;180;"2021-01-24";12309;1265874731;105226698752;106300440576;107374182400;2630;320237496;107374182400;"False";"Shared"
"2023-07-29";"3453@anonimo.com";;"False";;"2023-07-28";180;"2022-09-22";3755;604160243;52613349376;53150220288;53687091200;1126;431884247;107374182400;"False";"Shared"
"2023-07-29";"4337@anonimo.com";;"False";;"2023-07-28";180;"2021-02-09";2109;603881381;52613349376;53150220288;53687091200;299;100320473;107374182400;"False";"User"
"2023-07-29";"1239@anonimo.com";;"False";;"2023-07-27";180;"2021-04-22";12076;1184098546;105226698752;106300440576;107374182400;9963;696709989;107374182400;"False";"User"
"2023-07-29";"4309@anonimo.com";;"False";;"2023-05-30";180;"2023-05-30";2838;1162343503;105226698752;106300440576;107374182400;207;28248520;107374182400;"False";"User"
"2023-07-29";"5285@anonimo.com";;"False";;"2023-07-29";180;"2023-04-17";5279;1139762203;105226698752;106300440576;107374182400;7196;360729570;107374182400;"False";"User"
"2023-07-29";"4287@anonimo.com";;"False";;"2023-07-28";180;"2023-04-26";2147;1148630028;105226698752;106300440576;107374182400;1494;214370403;107374182400;"False";"User"
"2023-07-29";"3781@anonimo.com";;"False";;"2023-07-27";180;"2021-06-14";4186;1032180274;105226698752;106300440576;107374182400;2320;184228009;107374182400;"False";"User"
"2023-07-29";"4187@anonimo.com";;"False";;"2023-07-28";180;"2022-09-16";2778;1019670201;105226698752;106300440576;107374182400;589;152158746;107374182400;"False";"User"
"2023-07-29";"1401@anonimo.com";;"False";;"2023-07-28";180;"2022-05-19";4147;992768524;105226698752;106300440576;107374182400;4264;338369035;107374182400;"False";"User"
"2023-07-29";"5536@anonimo.com";;"False";;"2023-07-29";180;"2021-01-24";11970;981810460;105226698752;106300440576;107374182400;44824;15603759148;107374182400;"False";"User"
"2023-07-29";"4731@anonimo.com";;"False";;"2023-07-28";180;"2022-04-26";3240;969074331;105226698752;106300440576;107374182400;4783;361884240;107374182400;"False";"User"
"2023-07-29";"4063@anonimo.com";;"False";;"2023-07-28";180;"2023-06-01";1678;974645839;105226698752;106300440576;107374182400;983;567056061;107374182400;"False";"User"
"2023-07-29";"3685@anonimo.com";;"False";;"2023-07-03";180;"2021-01-24";3612;959781178;105226698752;106300440576;107374182400;216;186626386;107374182400;"False";"User"
"2023-07-29";"1509@anonimo.com";;"False";;"2020-03-05";180;"2021-01-24";6230;953940764;105226698752;106300440576;107374182400;2211;429918402;107374182400;"False";"User"
"2023-07-29";"4832@anonimo.com";;"False";;"2023-07-28";180;"2022-10-11";1829;475395110;52613349376;53150220288;53687091200;769;317163406;107374182400;"False";"User"
"2023-07-29";"1128@anonimo.com";;"False";;;180;"2021-02-08";628;18767130;2104492032;2125463552;2147483648;14;1320114;107374182400;"False";"User"
"2023-07-29";"3512@anonimo.com";;"False";;"2022-09-30";180;"2022-02-21";1370;465416053;52613349376;53150220288;53687091200;309;94304208;107374182400;"False";"Shared"
"2023-07-29";"4213@anonimo.com";;"False";;"2021-11-30";180;"2021-01-24";2762;466962813;52613349376;53150220288;53687091200;1018;126025815;107374182400;"False";"Shared"
"2023-07-29";"3550@anonimo.com";;"False";;"2023-07-21";180;"2021-01-24";4068;909847547;105226698752;106300440576;107374182400;1535;339903204;107374182400;"False";"User"
"2023-07-29";"3582@anonimo.com";;"False";;"2023-07-29";180;"2023-05-09";1787;901498171;105226698752;106300440576;107374182400;2986;159404162;107374182400;"False";"User"
"2023-07-29";"4490@anonimo.com";;"False";;"2023-07-28";180;"2022-07-25";230;17735648;2104492032;2125463552;2147483648;108;2556800;107374182400;"False";"User"
"2023-07-29";"1047@anonimo.com";;"False";;"2023-07-28";180;"2021-01-24";6742;869054342;105226698752;106300440576;107374182400;2870;194595643;107374182400;"False";"User"
"2023-07-29";"4204@anonimo.com";;"False";;"2023-07-29";180;"2022-10-14";2369;864118397;105226698752;106300440576;107374182400;4327;245576294;107374182400;"False";"User"
"2023-07-29";"5054@anonimo.com";;"False";;"2023-07-29";180;"2022-04-01";7164;846764448;105226698752;106300440576;107374182400;41814;2267215861;107374182400;"False";"User"
"2023-07-29";"1339@anonimo.com";;"False";;"2023-07-28";180;"2022-01-31";3218;808499740;105226698752;106300440576;107374182400;36381;3787226445;107374182400;"False";"User"
"2023-07-29";"3829@anonimo.com";;"False";;"2023-07-28";180;"2023-04-12";1242;394541979;52613349376;53150220288;53687091200;1791;205399398;107374182400;"False";"User"
"2023-07-29";"1099@anonimo.com";;"False";;"2023-07-27";180;"2021-01-24";2074;772158474;105226698752;106300440576;107374182400;1887;492909839;107374182400;"False";"User"
"2023-07-29";"3884@anonimo.com";;"False";;"2023-07-04";180;"2021-01-24";3406;375477342;52613349376;53150220288;53687091200;1298;1017820698;107374182400;"False";"Shared"
"2023-07-29";"5311@anonimo.com";;"False";;"2023-07-28";180;"2023-04-03";4564;746309677;105226698752;106300440576;107374182400;1242;150464516;107374182400;"False";"User"
"2023-07-29";"3945@anonimo.com";;"False";;"2023-07-29";180;"2022-01-21";2547;744843854;105226698752;106300440576;107374182400;3014;569149806;107374182400;"False";"User"
"2023-07-29";"4511@anonimo.com";;"False";;"2023-07-28";180;"2022-09-01";3429;703805478;105226698752;106300440576;107374182400;2264;94912547;107374182400;"False";"User"
"2023-07-29";"5714@anonimo.com";;"False";;"2023-07-28";180;"2022-02-04";3578;705176243;105226698752;106300440576;107374182400;614;127074400;107374182400;"False";"User"
"2023-07-29";"5577@anonimo.com";;"False";;"2023-07-28";180;"2023-02-17";3970;690031061;105226698752;106300440576;107374182400;1139;136017356;107374182400;"False";"Shared"
"2023-07-29";"1478@anonimo.com";;"False";;"2023-07-28";180;"2023-01-19";1892;343613887;52613349376;53150220288;53687091200;939;72928982;107374182400;"False";"User"
"2023-07-29";"4588@anonimo.com";;"False";;"2023-07-28";180;"2023-04-28";4228;696979092;105226698752;106300440576;107374182400;5528;257526245;107374182400;"False";"User"
"2023-07-29";"3265@anonimo.com";;"False";;"2023-07-29";180;"2023-03-17";2240;694778974;105226698752;106300440576;107374182400;5191;237200598;107374182400;"False";"User"
"2023-07-29";"1419@anonimo.com";;"False";;"2023-07-28";180;"2022-06-03";2360;682931045;105226698752;106300440576;107374182400;989;220179757;107374182400;"False";"User"
"2023-07-29";"1344@anonimo.com";;"False";;"2023-07-28";180;"2022-02-09";2275;645000482;105226698752;106300440576;107374182400;12149;2698811266;107374182400;"False";"User"
"2023-07-29";"3340@anonimo.com";;"False";;"2023-07-28";180;"2022-04-18";1493;317783210;52613349376;53150220288;53687091200;209;17977561;107374182400;"False";"User"
"2023-07-29";"4396@anonimo.com";;"False";;"2023-05-11";180;"2021-01-24";3007;308514921;52613349376;53150220288;53687091200;593;2743258;107374182400;"False";"Shared"
"2023-07-29";"4954@anonimo.com";;"False";;"2023-07-28";180;"2022-09-02";3970;605232356;105226698752;106300440576;107374182400;3104;164709853;107374182400;"False";"User"
"2023-07-29";"1100@anonimo.com";;"False";;;180;"2021-01-24";649;11930291;2104492032;2125463552;2147483648;2;156834;107374182400;"False";"User"
"2023-07-29";"4952@anonimo.com";;"False";;"2023-04-20";180;"2022-07-05";1430;585242229;105226698752;106300440576;107374182400;599;222320295;107374182400;"False";"User"
"2023-07-29";"1046@anonimo.com";;"False";;"2023-07-28";180;"2021-01-24";2848;288895144;52613349376;53150220288;53687091200;57168;4432863722;107374182400;"False";"User"
"2023-07-29";"1461@anonimo.com";;"False";;"2023-05-03";180;"2022-08-30";243;11317532;2104492032;2125463552;2147483648;4;164997;107374182400;"False";"User"
"2023-07-29";"4174@anonimo.com";;"False";;"2023-07-18";180;"2023-04-17";294;11247019;2104492032;2125463552;2147483648;46;2309640;107374182400;"False";"User"
"2023-07-29";"3215@anonimo.com";;"False";;"2023-07-10";180;"2022-08-16";3450;543878067;105226698752;106300440576;107374182400;1095;101042243;107374182400;"False";"User"
"2023-07-29";"5565@anonimo.com";;"False";;"2023-07-28";180;"2023-03-20";1540;533083793;105226698752;106300440576;107374182400;2383;97611162;107374182400;"False";"User"
"2023-07-29";"5713@anonimo.com";;"False";;"2023-07-27";180;"2022-10-27";1355;523890845;105226698752;106300440576;107374182400;28218;1534689684;107374182400;"False";"User"
"2023-07-29";"5269@anonimo.com";;"False";;"2021-10-22";180;"2021-01-24";3675;253012999;52613349376;53150220288;53687091200;3518;329338823;107374182400;"False";"Shared"
"2023-07-29";"4843@anonimo.com";;"False";;"2023-07-28";180;"2021-01-24";3460;508476861;105226698752;106300440576;107374182400;12435;1447735197;107374182400;"False";"User"
"2023-07-29";"3989@anonimo.com";;"False";;"2023-07-01";180;"2021-01-24";2269;492194165;105226698752;106300440576;107374182400;32016;3322806041;107374182400;"False";"User"
"2023-07-29";"1147@anonimo.com";;"False";;"2023-04-11";180;"2021-01-24";5065;479316106;105226698752;106300440576;107374182400;624;31125271;107374182400;"False";"User"
"2023-07-29";"4227@anonimo.com";;"False";;"2023-07-28";180;"2022-10-27";2899;480041211;105226698752;106300440576;107374182400;208;24478908;107374182400;"False";"User"
"2023-07-29";"1487@anonimo.com";;"False";;"2023-07-28";180;"2023-02-16";1913;472147834;105226698752;106300440576;107374182400;1748;144016944;107374182400;"False";"User"
"2023-07-29";"5233@anonimo.com";;"False";;"2023-07-28";180;"2021-01-24";18277;463831159;105226698752;106300440576;107374182400;22558;5113997147;107374182400;"False";"User"
"2023-07-29";"934@anonimo.com";;"False";;"2020-10-06";180;"2021-01-24";9752;454994990;105226698752;106300440576;107374182400;5220;228249649;107374182400;"False";"Shared"
"2023-07-29";"5738@anonimo.com";;"False";;"2023-07-28";180;"2023-04-06";868;444790736;105226698752;106300440576;107374182400;1411;150862404;107374182400;"False";"User"
"2023-07-29";"901@anonimo.com";;"False";;"2023-07-27";180;"2021-01-24";5324;450343822;105226698752;106300440576;107374182400;68378;7226205583;107374182400;"False";"User"
"2023-07-29";"5163@anonimo.com";;"False";;"2022-12-07";180;"2021-01-24";3655;218415197;52613349376;53150220288;53687091200;6364;572448354;107374182400;"False";"Shared"
"2023-07-29";"5605@anonimo.com";;"False";;"2023-07-27";180;"2021-01-24";2888;433460306;105226698752;106300440576;107374182400;32768;4202465324;107374182400;"False";"User"
"2023-07-29";"5005@anonimo.com";;"False";;"2021-12-28";180;"2021-07-27";1033;214731523;52613349376;53150220288;53687091200;405;68640781;107374182400;"False";"Shared"
"2023-07-29";"5124@anonimo.com";;"False";;"2023-07-29";180;"2023-05-31";1207;408842061;105226698752;106300440576;107374182400;1969;270718032;107374182400;"False";"User"
"2023-07-29";"5265@anonimo.com";;"False";;"2023-07-27";180;"2022-12-27";1630;417972179;105226698752;106300440576;107374182400;2154;154840214;107374182400;"False";"User"
"2023-07-29";"3766@anonimo.com";;"False";;"2023-07-28";180;"2023-03-12";2708;398506755;105226698752;106300440576;107374182400;4434;76503102;107374182400;"False";"User"
"2023-07-29";"4279@anonimo.com";;"False";;"2021-11-29";180;"2021-01-24";1467;187191352;52613349376;53150220288;53687091200;1495;323830130;107374182400;"False";"Shared"
"2023-07-29";"4692@anonimo.com";;"False";;"2023-07-26";180;"2022-07-18";1405;367514029;105226698752;106300440576;107374182400;1035;190873496;107374182400;"False";"User"
"2023-07-29";"4453@anonimo.com";;"False";;"2023-07-17";180;"2022-06-20";1480;343826844;105226698752;106300440576;107374182400;1261;219538970;107374182400;"False";"User"
"2023-07-29";"4371@anonimo.com";;"False";;"2023-07-28";180;"2023-03-09";1922;336515464;105226698752;106300440576;107374182400;2955;208711168;107374182400;"False";"User"
"2023-07-29";"5782@anonimo.com";;"False";;"2023-07-28";180;"2023-05-02";3099;341451597;105226698752;106300440576;107374182400;7439;986007778;107374182400;"False";"User"
"2023-07-29";"3366@anonimo.com";;"False";;"2023-07-28";180;"2021-01-24";3248;320762446;105226698752;106300440576;107374182400;60332;3301593480;107374182400;"False";"User"
"2023-07-29";"3963@anonimo.com";;"False";;"2022-12-02";180;"2022-08-04";514;152792453;52613349376;53150220288;53687091200;417;81955271;107374182400;"False";"Shared"
"2023-07-29";"4677@anonimo.com";;"False";;"2023-07-27";180;"2023-07-17";190;6026405;2104492032;2125463552;2147483648;48;1171304;107374182400;"False";"User"
"2023-07-29";"3216@anonimo.com";;"False";;"2023-07-28";180;"2023-02-06";1528;291911709;105226698752;106300440576;107374182400;1175;50749576;107374182400;"False";"User"
"2023-07-29";"3467@anonimo.com";;"False";;"2023-07-18";180;"2022-12-30";942;280410160;105226698752;106300440576;107374182400;166;52485149;107374182400;"False";"User"
"2023-07-29";"4967@anonimo.com";;"False";;"2021-11-04";180;"2021-01-24";1644;138704398;52613349376;53150220288;53687091200;3989;263588338;107374182400;"False";"Shared"
"2023-07-29";"5000@anonimo.com";;"False";;"2023-07-28";180;"2023-03-23";2009;277912591;105226698752;106300440576;107374182400;6890;246434513;107374182400;"False";"User"
"2023-07-29";"5426@anonimo.com";;"False";;;180;"2023-07-10";72;5406119;2104492032;2125463552;2147483648;4;22856;107374182400;"False";"User"
"2023-07-29";"1149@anonimo.com";;"False";;"2021-03-30";180;"2021-01-24";1298;133025781;52613349376;53150220288;53687091200;625;16447062;107374182400;"False";"Shared"
"2023-07-29";"4441@anonimo.com";;"False";;"2023-04-28";180;"2022-07-18";1031;260789196;105226698752;106300440576;107374182400;494;136618595;107374182400;"False";"User"
"2023-07-29";"5168@anonimo.com";;"False";;"2023-07-28";180;"2023-02-14";1348;262793980;105226698752;106300440576;107374182400;659;46772239;107374182400;"False";"User"
"2023-07-29";"5137@anonimo.com";;"False";;"2023-07-28";180;"2023-05-10";1059;253727060;105226698752;106300440576;107374182400;2242;111485048;107374182400;"False";"User"
"2023-07-29";"3895@anonimo.com";;"False";;"2023-02-03";180;"2022-06-09";1151;250844082;105226698752;106300440576;107374182400;251;51251808;107374182400;"False";"User"
"2023-07-29";"4679@anonimo.com";;"False";;"2022-10-26";180;"2022-08-15";718;122812633;52613349376;53150220288;53687091200;443;96195224;107374182400;"False";"Shared"
"2023-07-29";"5613@anonimo.com";;"False";;"2023-07-20";180;"2023-06-26";139;4899614;2104492032;2125463552;2147483648;37;1113601;107374182400;"False";"User"
"2023-07-29";"3361@anonimo.com";;"False";;"2023-07-28";180;"2023-07-05";405;116492830;52613349376;53150220288;53687091200;322;20053520;107374182400;"False";"User"
"2023-07-29";"3734@anonimo.com";;"False";;"2023-07-26";180;"2021-06-04";1091;219074065;105226698752;106300440576;107374182400;3508;500727660;107374182400;"False";"User"
"2023-07-29";"4099@anonimo.com";;"False";;"2023-07-28";180;"2023-07-05";357;111485802;52613349376;53150220288;53687091200;225;28021613;107374182400;"False";"User"
"2023-07-29";"5866@anonimo.com";;"False";;"2023-07-28";180;"2023-07-10";936;108388144;52613349376;53150220288;53687091200;69;899844;107374182400;"False";"User"
"2023-07-29";"4547@anonimo.com";;"False";;"2021-11-26";180;"2021-01-24";1703;105361482;52613349376;53150220288;53687091200;414;37663803;107374182400;"False";"Shared"
"2023-07-29";"3983@anonimo.com";;"False";;"2023-07-28";180;"2023-06-19";870;210189242;105226698752;106300440576;107374182400;1448;37127868;107374182400;"False";"User"
"2023-07-29";"5066@anonimo.com";;"False";;"2023-07-28";180;"2023-06-30";338;196407048;105226698752;106300440576;107374182400;45;9979751;107374182400;"False";"User"
"2023-07-29";"3874@anonimo.com";;"False";;"2023-04-18";180;"2022-12-05";914;184827695;105226698752;106300440576;107374182400;336;86436563;107374182400;"False";"User"
"2023-07-29";"3372@anonimo.com";;"False";;"2023-04-13";180;"2022-12-20";811;170335845;105226698752;106300440576;107374182400;421;111112542;107374182400;"False";"User"
"2023-07-29";"4521@anonimo.com";;"False";;"2023-07-24";180;"2023-04-13";728;162014870;105226698752;106300440576;107374182400;330;65202504;107374182400;"False";"User"
"2023-07-29";"5552@anonimo.com";;"False";;"2023-04-10";180;"2021-03-23";1017;169675267;105226698752;106300440576;107374182400;112;26998437;107374182400;"False";"User"
"2023-07-29";"4812@anonimo.com";;"False";;"2021-09-27";180;"2021-06-25";624;79110258;52613349376;53150220288;53687091200;217;22503473;107374182400;"False";"Shared"
"2023-07-29";"4160@anonimo.com";;"False";;"2022-03-21";180;"2021-09-06";479;79877613;52613349376;53150220288;53687091200;120;636062280;107374182400;"False";"Shared"
"2023-07-29";"4077@anonimo.com";;"False";;"2023-07-28";180;"2023-07-05";373;72230914;52613349376;53150220288;53687091200;559;13115744;107374182400;"False";"User"
"2023-07-29";"3497@anonimo.com";;"False";;"2023-07-29";180;"2023-03-08";595;143136523;105226698752;106300440576;107374182400;178;47341102;107374182400;"False";"User"
"2023-07-29";"3409@anonimo.com";;"False";;"2023-07-28";180;"2023-06-01";785;132166930;105226698752;106300440576;107374182400;222;15881305;107374182400;"False";"User"
"2023-07-29";"4033@anonimo.com";;"False";;"2023-07-28";180;"2023-07-19";1298;134723615;105226698752;106300440576;107374182400;4629;295918437;107374182400;"False";"User"
"2023-07-29";"1034@anonimo.com";;"False";;;180;"2021-01-24";976;60357164;52613349376;53150220288;53687091200;789;4734069;107374182400;"False";"Shared"
"2023-07-29";"3821@anonimo.com";;"False";;"2022-12-23";180;"2022-11-21";401;59688803;52613349376;53150220288;53687091200;123;12075911;107374182400;"False";"Shared"
"2023-07-29";"5517@anonimo.com";;"False";;"2023-07-28";180;"2022-07-04";678;57290859;52613349376;53150220288;53687091200;321;29707879;107374182400;"False";"Shared"
"2023-07-29";"5439@anonimo.com";;"False";;"2023-07-28";180;"2023-02-16";2283;58043989;52613349376;53150220288;53687091200;0;2032;107374182400;"False";"Shared"
"2023-07-29";"4296@anonimo.com";;"False";;"2022-09-05";180;"2022-07-14";340;53887242;52613349376;53150220288;53687091200;65;6224560;107374182400;"False";"Shared"
"2023-07-29";"5309@anonimo.com";;"False";;"2023-07-28";180;"2023-02-13";745;110936827;105226698752;106300440576;107374182400;812;60561209;107374182400;"False";"User"
"2023-07-29";"4753@anonimo.com";;"False";;"2023-07-25";180;"2023-07-10";147;53943322;52613349376;53150220288;53687091200;26;836112;107374182400;"False";"User"
"2023-07-29";"3436@anonimo.com";;"False";;"2023-07-28";180;"2023-04-19";437;114362908;105226698752;106300440576;107374182400;101;34646490;107374182400;"False";"User"
"2023-07-29";"4994@anonimo.com";;"False";;"2023-07-11";180;"2021-03-26";358;50199433;52613349376;53150220288;53687091200;5;1128669;107374182400;"False";"Shared"
"2023-07-29";"5165@anonimo.com";;"False";;"2022-09-05";180;"2022-07-25";237;49862038;52613349376;53150220288;53687091200;54;8686143;107374182400;"False";"Shared"
"2023-07-29";"5017@anonimo.com";;"False";;"2020-12-14";180;"2021-01-24";600;48682836;52613349376;53150220288;53687091200;508;3380590;107374182400;"False";"Shared"
"2023-07-29";"3868@anonimo.com";;"False";;"2023-07-28";180;"2021-01-24";530;106529573;105226698752;106300440576;107374182400;11242;1350340498;107374182400;"False";"User"
"2023-07-29";"4762@anonimo.com";;"False";;"2021-11-19";180;"2021-01-24";854;43916893;52613349376;53150220288;53687091200;738;12933152;107374182400;"False";"Shared"
"2023-07-29";"4156@anonimo.com";;"False";;"2021-05-06";180;"2021-01-24";1507;91572009;105226698752;106300440576;107374182400;780;6627931;107374182400;"False";"User"
"2023-07-29";"4281@anonimo.com";;"False";;"2022-11-22";180;"2022-10-27";205;38730176;52613349376;53150220288;53687091200;89;57950449;107374182400;"False";"Shared"
"2023-07-29";"5031@anonimo.com";;"False";;"2021-09-08";180;"2021-04-14";446;38838108;52613349376;53150220288;53687091200;0;37268;107374182400;"False";"Shared"
"2023-07-29";"4370@anonimo.com";;"False";;"2023-01-10";180;"2022-12-21";230;38883116;52613349376;53150220288;53687091200;103;11302538;107374182400;"False";"Shared"
"2023-07-29";"1390@anonimo.com";;"False";;"2023-07-28";180;"2022-05-03";790;80008354;105226698752;106300440576;107374182400;31;3022917;107374182400;"False";"User"
"2023-07-29";"1254@anonimo.com";;"False";;"2023-05-04";180;"2021-06-17";637;74012619;105226698752;106300440576;107374182400;98;23018182;107374182400;"False";"User"
"2023-07-29";"3861@anonimo.com";;"False";;"2023-07-28";180;"2023-07-06";280;35019681;52613349376;53150220288;53687091200;115;3206432;107374182400;"False";"User"
"2023-07-29";"4040@anonimo.com";;"False";;"2023-07-29";180;"2023-07-05";475;73348111;105226698752;106300440576;107374182400;1045;35286879;107374182400;"False";"User"
"2023-07-29";"998@anonimo.com";;"False";;;180;"2021-01-24";377;36636277;52613349376;53150220288;53687091200;25;329527;107374182400;"False";"User"
"2023-07-29";"5390@anonimo.com";;"False";;"2023-06-26";180;"2023-03-03";421;71259689;105226698752;106300440576;107374182400;152;4426427;107374182400;"False";"User"
"2023-07-29";"1133@anonimo.com";;"False";;;180;"2021-01-24";1174;27831621;52613349376;53150220288;53687091200;768;7145008;107374182400;"False";"Shared"
"2023-07-29";"4290@anonimo.com";;"False";;"2022-07-26";180;"2022-07-18";188;30101512;52613349376;53150220288;53687091200;41;3053994;107374182400;"False";"Shared"
"2023-07-29";"5312@anonimo.com";;"False";;"2023-07-11";180;"2023-06-12";381;58884983;105226698752;106300440576;107374182400;232;13960726;107374182400;"False";"User"
"2023-07-29";"3742@anonimo.com";;"False";;"2022-11-17";180;"2022-07-04";415;49427261;105226698752;106300440576;107374182400;240;3362749;107374182400;"False";"Shared"
"2023-07-29";"5138@anonimo.com";;"False";;"2023-05-22";180;"2022-01-13";292;53312766;105226698752;106300440576;107374182400;11;587721;107374182400;"False";"User"
"2023-07-29";"3505@anonimo.com";;"False";;"2023-03-23";180;"2023-02-06";450;50345929;105226698752;106300440576;107374182400;75;13146269;107374182400;"False";"User"
"2023-07-29";"4278@anonimo.com";;"False";;"2023-03-16";180;"2022-06-13";480;53289612;105226698752;106300440576;107374182400;240;54595323;107374182400;"False";"User"
"2023-07-29";"4130@anonimo.com";;"False";;"2023-01-29";180;"2022-11-30";403;50227433;105226698752;106300440576;107374182400;119;33338128;107374182400;"False";"User"
"2023-07-29";"4559@anonimo.com";;"False";;"2022-12-07";180;"2022-09-01";314;22585166;52613349376;53150220288;53687091200;15;241314;107374182400;"False";"User"
"2023-07-29";"1291@anonimo.com";;"False";;"2023-07-28";180;"2021-09-20";514;45827404;105226698752;106300440576;107374182400;92;16133313;107374182400;"False";"User"
"2023-07-29";"3499@anonimo.com";;"False";;"2023-03-10";180;"2023-01-31";326;21381494;52613349376;53150220288;53687091200;35;4512444;107374182400;"False";"User"
"2023-07-29";"5725@anonimo.com";;"False";;"2023-07-18";180;"2021-01-24";868;40965956;105226698752;106300440576;107374182400;4886;261163353;107374182400;"False";"User"
"2023-07-29";"5488@anonimo.com";;"False";;"2021-12-23";180;"2021-01-24";58;13334499;52613349376;53150220288;53687091200;1;318852;107374182400;"False";"Shared"
"2023-07-29";"5545@anonimo.com";;"False";;"2020-12-02";180;"2021-01-24";515;12416597;52613349376;53150220288;53687091200;582;3076915;107374182400;"False";"Shared"
"2023-07-29";"4366@anonimo.com";;"False";;"2023-05-30";180;"2023-05-19";145;13109194;52613349376;53150220288;53687091200;17;398630;107374182400;"False";"Shared"
"2023-07-29";"4998@anonimo.com";;"False";;"2023-07-27";180;"2023-07-05";426;31290535;105226698752;106300440576;107374182400;89;582143;107374182400;"False";"User"
"2023-07-29";"3850@anonimo.com";;"False";;"2023-07-28";180;"2023-07-10";172;12303099;52613349376;53150220288;53687091200;101;4225179;107374182400;"False";"User"
"2023-07-29";"4158@anonimo.com";;"False";;"2023-02-27";180;"2022-09-20";320;24116033;105226698752;106300440576;107374182400;23;1901204;107374182400;"False";"User"
"2023-07-29";"5280@anonimo.com";;"False";;"2023-07-29";180;"2023-06-30";275;21868185;105226698752;106300440576;107374182400;81;1394806;107374182400;"False";"User"
"2023-07-29";"4550@anonimo.com";;"False";;"2023-07-26";180;"2023-06-09";300;26500685;105226698752;106300440576;107374182400;68;3125675;107374182400;"False";"User"
"2023-07-29";"3411@anonimo.com";;"False";;"2022-12-22";180;"2022-07-18";147;10359424;52613349376;53150220288;53687091200;35;3858925;107374182400;"False";"Shared"
"2023-07-29";"3597@anonimo.com";;"False";;"2022-07-14";180;"2021-01-24";335;6166997;52613349376;53150220288;53687091200;722;3690180;107374182400;"False";"Shared"
"2023-07-29";"1320@anonimo.com";;"False";;"2022-01-24";180;"2022-01-03";131;7813297;52613349376;53150220288;53687091200;10;57698;107374182400;"False";"Shared"
"2023-07-29";"5736@anonimo.com";;"False";;"2023-07-28";180;"2023-02-09";19;9208223;52613349376;53150220288;53687091200;525533;62382200273;107374182400;"True";"Shared"
"2023-07-29";"1472@anonimo.com";;"False";;"2023-07-28";180;"2023-05-25";168;7122315;52613349376;53150220288;53687091200;61;600184;107374182400;"False";"User"
"2023-07-29";"4996@anonimo.com";;"False";;"2023-07-04";180;"2023-06-19";179;14196784;105226698752;106300440576;107374182400;108;2639300;107374182400;"False";"User"
"2023-07-29";"4734@anonimo.com";;"False";;"2023-07-27";180;"2023-07-17";238;17315029;105226698752;106300440576;107374182400;300;3149724;107374182400;"False";"User"
"2023-07-29";"3791@anonimo.com";;"False";;"2023-07-26";180;"2023-07-10";153;9857505;52613349376;53150220288;53687091200;26;378482;107374182400;"False";"User"
"2023-07-29";"4186@anonimo.com";;"False";;"2023-07-28";180;"2023-06-30";255;16093175;105226698752;106300440576;107374182400;660;4285886;107374182400;"False";"User"
"2023-07-29";"3220@anonimo.com";;"False";;"2022-11-22";180;"2022-09-20";200;15328352;105226698752;106300440576;107374182400;7;1174466;107374182400;"False";"User"
"2023-07-29";"4362@anonimo.com";;"False";;"2023-07-19";180;"2023-07-10";142;9548624;52613349376;53150220288;53687091200;58;7905882;107374182400;"False";"User"
"2023-07-29";"5070@anonimo.com";;"False";;;180;"2021-07-20";9;220490;52613349376;53150220288;53687091200;0;0;107374182400;"False";"Shared"
"2023-07-29";"4324@anonimo.com";;"False";;;180;"2021-01-24";11;664360;105226698752;106300440576;107374182400;0;0;107374182400;"True";"Shared"
"2023-07-29";"5470@anonimo.com";;"False";;;180;"2023-06-17";14;1469265;105226698752;106300440576;107374182400;0;0;107374182400;"False";"Shared"
"2023-07-29";"3187@anonimo.com";;"False";;;180;"2021-01-24";19;207067;52613349376;53150220288;53687091200;0;0;107374182400;"False";"Shared"
"2023-07-29";"5289@anonimo.com";;"False";;"2020-10-15";180;"2021-01-24";65;666452;52613349376;53150220288;53687091200;826;2466060;107374182400;"False";"Shared"
"2023-07-29";"4323@anonimo.com";;"False";;"2023-07-26";180;"2023-06-01";25;2746737;52613349376;53150220288;53687091200;3;228398;107374182400;"False";"Shared"
"2023-07-29";"3536@anonimo.com";;"False";;"2022-12-16";180;"2022-11-30";52;2351747;52613349376;53150220288;53687091200;0;31270;107374182400;"False";"Shared"
"2023-07-29";"2261@anonimo.com";;"False";;;180;"2021-01-24";18;263429;52613349376;53150220288;53687091200;0;0;107374182400;"False";"Shared"
"2023-07-29";"4344@anonimo.com";;"False";;;180;"2022-07-13";3;12974;52613349376;53150220288;53687091200;0;0;107374182400;"False";"Shared"
"2023-07-29";"5503@anonimo.com";;"False";;"2021-08-17";180;"2021-08-12";111;1258179;52613349376;53150220288;53687091200;0;2188;107374182400;"False";"Shared"
"2023-07-29";"5521@anonimo.com";;"False";;"2022-07-19";180;"2022-07-19";165;2728474;52613349376;53150220288;53687091200;168;2098304;107374182400;"False";"Shared"
"2023-07-29";"3690@anonimo.com";;"False";;;180;"2021-01-24";14;253778;105226698752;106300440576;107374182400;0;0;107374182400;"False";"Shared"
"2023-07-29";"5578@anonimo.com";;"False";;;180;"2022-09-22";6;189158;52613349376;53150220288;53687091200;0;0;107374182400;"False";"Shared"
"2023-07-29";"5581@anonimo.com";;"False";;;180;"2022-05-24";26;4457283;52613349376;53150220288;53687091200;0;0;107374182400;"False";"Shared"
"2023-07-29";"4342@anonimo.com";;"False";;;180;"2022-07-13";1;7859;52613349376;53150220288;53687091200;0;0;107374182400;"False";"Shared"
"2023-07-29";"5520@anonimo.com";;"False";;;180;"2021-10-09";17;198278;52613349376;53150220288;53687091200;0;5065;107374182400;"False";"Shared"
"2023-07-29";"4763@anonimo.com";;"False";;"2023-02-24";180;"2022-08-26";276;7177441;105226698752;106300440576;107374182400;18;1703249;107374182400;"False";"User"
"2023-07-29";"3570@anonimo.com";;"False";;"2023-02-01";180;"2023-01-17";241;5027652;105226698752;106300440576;107374182400;0;0;107374182400;"False";"User"
"2023-07-29";"3381@anonimo.com";;"False";;"2023-07-28";180;"2023-07-10";198;10353407;105226698752;106300440576;107374182400;151;2933112;107374182400;"False";"User"
"2023-07-29";"5741@anonimo.com";;"False";;"2022-11-28";180;"2022-11-24";313;4864005;105226698752;106300440576;107374182400;0;1082;107374182400;"False";"User"
